#
# A fatal error has been detected by the Java Runtime Environment:
#
#  SIGBUS (0x7) at pc=0x00007e63b2d780c0, pid=191173, tid=191196
#
# JRE version: OpenJDK Runtime Environment Temurin-21.0.12.1+1 (21.0.12.1+1) (build 21.0.12.1+1-LTS)
# Java VM: OpenJDK 64-Bit Server VM Temurin-21.0.12.1+1 (21.0.12.1+1-LTS, mixed mode, tiered, compressed oops, compressed class ptrs, g1 gc, linux-amd64)
# Problematic frame:
# C  [libc.so.6+0x47a76]
#
# Core dump will be written. Default location: Determined by the following: "/usr/lib/systemd/systemd-coredump %P %u %g %s %t 9223372036854775808 %h %d" (alternatively, falling back to /home/benld/NuvioForLinux/core.191173)
#
# If you would like to submit a bug report, please visit:
#   https://github.com/adoptium/adoptium-support/issues
#

---------------  S U M M A R Y ------------

Command Line: -Djpackage.app-version=0.3.7 -Dcompose.application.resources.dir=/tmp/.mount_Nuvio-GbenmL/usr/lib/app/resources -Dcompose.application.configure.swing.globals=true --add-opens=java.base/sun.misc=ALL-UNNAMED -Dskiko.library.path=/tmp/.mount_Nuvio-GbenmL/usr/lib/app -Djpackage.app-path=/tmp/.mount_Nuvio-GbenmL/usr/bin/nuvio com.nuvio.app.MainKt

Host: 12th Gen Intel(R) Core(TM) i7-1255U, 12 cores, 62G, Linux Mint 22.3 Zena
Time: Wed Aug 26 00:28:44 2026 CDT elapsed time: 111.721269 seconds (0d 0h 1m 51s)

---------------  T H R E A D  ---------------

Current thread (0x00007e64201aa530):  VMThread "VM Thread"          [id=191196, stack(0x00007e63edf00000,0x00007e63ee000000) (1024K)]

Stack: [0x00007e63edf00000,0x00007e63ee000000],  sp=0x00007e63edffe800,  free space=1018k
Native frames: (J=compiled Java code, j=interpreted, Vv=VM code, C=native code)
C  [libc.so.6+0x47a76]
C  [libc.so.6+0x47bbe]
V  [libjvm.so+0xd1dd69]
V  [libjvm.so+0x91aa7f]
V  [libjvm.so+0x1032f87]
V  [libjvm.so+0x10363bf]
V  [libjvm.so+0x1037103]
V  [libjvm.so+0x10373d7]
V  [libjvm.so+0xfa1c88]
V  [libjvm.so+0xd1385a]
C  [libc.so.6+0x9cb84]

siginfo: si_signo: 7 (SIGBUS), si_code: 2 (BUS_ADRERR), si_addr: 0x00007e63b2d780c0

Registers:
RAX=0x00007e63b2d780c0, RBX=0x00007e6429804fa8, RCX=0x0000000000000001, RDX=0x0000000000000000
RSP=0x00007e63edffe7f8, RBP=0x00007e63edffe850, RSI=0x000000000000008f, RDI=0x00007e63b3f53808
R8 =0x00007e63b3f53808, R9 =0x00000000000000ca, R10=0x00007e638d0303c0, R11=0x257eced4972fc0dc
R12=0x0000000000000bde, R13=0x0000000000000000, R14=0x000000000000008f, R15=0x00007e64209ccab0
RIP=0x00007e63b2d780c0, EFLAGS=0x0000000000010246, CSGSFS=0x002b000000000033, ERR=0x0000000000000014
  TRAPNO=0x000000000000000e

XMM[0]=0x00007e638c000090 0x00007e638d030a00
XMM[1]=0x0000000000000000 0x00007e638c000090
XMM[2]=0xffffffffffffffff 0xffffffffffffffff
XMM[3]=0x00000000000000ff 0x00000000000000ff
XMM[4]=0x00000000056d0000 0x0000000008000000
XMM[5]=0x0000000000000000 0x00007e642914ff9b
XMM[6]=0x0000000000000000 0x0000000000000000
XMM[7]=0x0000000000000000 0x0000000000000000
XMM[8]=0x00007e641916d810 0x00007e6419168510
XMM[9]=0x0000000000000000 0x0000000000000000
XMM[10]=0x3f3f3f3f3f3f3f3f 0x3f3f3f3f3f3f3f3f
XMM[11]=0x9999999999999999 0x9999999999999999
XMM[12]=0x2020202020202020 0x2020202020202020
XMM[13]=0x0000000000000000 0x0000000000000000
XMM[14]=0x0000000000000000 0x0000000000000000
XMM[15]=0x0000000000000000 0x0000000000000000
  MXCSR=0x00001fab


Register to memory mapping:

RAX=0x00007e63b2d780c0: <offset 0x00000000007780c0> in /tmp/.mount_Nuvio-GbenmL/usr/lib/app/libskiko-linux-x64.so at 0x00007e63b2600000
RBX=0x00007e6429804fa8: <offset 0x0000000000204fa8> in /lib/x86_64-linux-gnu/libc.so.6 at 0x00007e6429600000
RCX=0x0000000000000001 is an unknown value
RDX=0x0 is null
RSP=0x00007e63edffe7f8 points into unknown readable memory: 0x00007e6429647a76 | 76 7a 64 29 64 7e 00 00
RBP=0x00007e63edffe850 points into unknown readable memory: 0x00007e63edffe860 | 60 e8 ff ed 63 7e 00 00
RSI=0x000000000000008f is an unknown value
RDI=0x00007e63b3f53808: <offset 0x0000000001953808> in /tmp/.mount_Nuvio-GbenmL/usr/lib/app/libskiko-linux-x64.so at 0x00007e63b2600000
R8 =0x00007e63b3f53808: <offset 0x0000000001953808> in /tmp/.mount_Nuvio-GbenmL/usr/lib/app/libskiko-linux-x64.so at 0x00007e63b2600000
R9 =0x00000000000000ca is an unknown value
R10=0x00007e638d0303c0 points into unknown readable memory: 0x00007e638d030a00 | 00 0a 03 8d 63 7e 00 00
R11=0x257eced4972fc0dc is an unknown value
R12=0x0000000000000bde is an unknown value
R13=0x0 is null
R14=0x000000000000008f is an unknown value
R15=0x00007e64209ccab0 points into unknown readable memory: 0x00007e64209cc690 | 90 c6 9c 20 64 7e 00 00

Top of Stack: (sp=0x00007e63edffe7f8)
0x00007e63edffe7f8:   00007e6429647a76 00000001201aa530   vzd)d~..0.. ....
0x00007e63edffe808:   00007e63edffe828 00007e63edffe890   (...c~......c~..
0x00007e63edffe818:   00007e6429803680 00007e63edffe900   .6.)d~......c~..
0x00007e63edffe828:   00007e642959b9c0 000000000000008f   ..Y)d~..........
0x00007e63edffe838:   00007e64201aa8d0 00007e6429559d80   ... d~....U)d~..
0x00007e63edffe848:   00007e62f83ea6c0 00007e63edffe860   ..>.b~..`...c~..
0x00007e63edffe858:   00007e6429647bbe 00007e63edffe870   .{d)d~..p...c~..
0x00007e63edffe868:   00007e6428d1dd69 00007e63edffe890   i..(d~......c~..
0x00007e63edffe878:   00007e642891aa7f 00007e6420129990   ...(d~..... d~..
0x00007e63edffe888:   00007e6420129990 00007e63edffe9a0   ... d~......c~..
0x00007e63edffe898:   00007e6429032f87 00007e64201aa530   ./.)d~..0.. d~..
0x00007e63edffe8a8:   00000000000003d8 00007e6420129990   ........... d~..
0x00007e63edffe8b8:   00007e64201299a0 00007e6420129d78   ... d~..x.. d~..
0x00007e63edffe8c8:   00007e64201299a0 00007e63edffe940   ... d~..@...c~..
0x00007e63edffe8d8:   0000000000000000 00007e63edffe940   ........@...c~..
0x00007e63edffe8e8:   0000000000000000 00007e63edffe940   ........@...c~..
0x00007e63edffe8f8:   00007e63edffe928 00007e63edffe9b0   (...c~......c~..
0x00007e63edffe908:   00007e6428dc61c1 00007e6429450438   .a.(d~..8.E)d~..
0x00007e63edffe918:   00007e6429160c1a 00007e64ffffffff   ...)d~......d~..
0x00007e63edffe928:   00007e63d4033c00 00007e6300000006   .<..c~......c~..
0x00007e63edffe938:   00007e63edffea00 00007e62f83ea6c0   ....c~....>.b~..
0x00007e63edffe948:   00007e63edffeaf0 00007e63edffe960   ....c~..`...c~..
0x00007e63edffe958:   00007e64296eca6d 00007e63edffe980   m.n)d~......c~..
0x00007e63edffe968:   26cf4194b92cb500 000000000001000c   ..,..A.&........
0x00007e63edffe978:   00007e64201aa8d0 00007e62f83ea6c0   ... d~....>.b~..
0x00007e63edffe988:   00007e6428631850 00007e6429559d80   P.c(d~....U)d~..
0x00007e63edffe998:   0000000000000004 00007e63edffea90   ............c~..
0x00007e63edffe9a8:   00007e64290363bf 00007e63edffea90   .c.)d~......c~..
0x00007e63edffe9b8:   00007e6428dc6604 00007e63edffeaa0   .f.(d~......c~..
0x00007e63edffe9c8:   00000000000003d8 00007e6420129990   ........... d~..
0x00007e63edffe9d8:   00007e64201299a0 00007e6420129d78   ... d~..x.. d~..
0x00007e63edffe9e8:   00007e63edffea00 00007e6420129990   ....c~..... d~..

Instructions: (pc=0x00007e6429647a76)
0x00007e6429647976:   83 e8 01 4c 8b 25 20 d6 1b 00 49 89 47 08 48 c1
0x00007e6429647986:   e0 05 4c 01 f8 48 8b 48 10 48 83 f9 03 0f 84 ff
0x00007e6429647996:   00 00 00 48 83 f9 04 0f 84 9d 00 00 00 48 83 f9
0x00007e64296479a6:   02 75 bf 48 8b 48 18 48 8b 70 20 48 89 c8 44 89
0x00007e64296479b6:   e9 48 c1 c8 11 64 48 33 04 25 30 00 00 00 87 0b
0x00007e64296479c6:   83 f9 01 0f 8f 59 01 00 00 44 89 f7 ff d0 b9 01
0x00007e64296479d6:   00 00 00 44 89 e8 f0 0f b1 0b 0f 85 a2 00 00 00
0x00007e64296479e6:   48 8b 05 b3 d5 1b 00 4c 39 e0 0f 84 72 ff ff ff
0x00007e64296479f6:   48 8b 45 c8 4c 8b 38 4d 85 ff 0f 85 62 ff ff ff
0x00007e6429647a06:   66 2e 0f 1f 84 00 00 00 00 00 31 c0 c6 05 cf d9
0x00007e6429647a16:   1b 00 01 87 03 83 f8 01 0f 8f 55 01 00 00 80 7d
0x00007e6429647a26:   b4 00 0f 85 41 01 00 00 44 89 f7 e8 ca 68 0a 00
0x00007e6429647a36:   66 2e 0f 1f 84 00 00 00 00 00 48 8b 48 18 4c 8b
0x00007e6429647a46:   40 20 48 c7 40 10 00 00 00 00 48 89 c8 44 89 e9
0x00007e6429647a56:   48 c1 c8 11 64 48 33 04 25 30 00 00 00 87 0b 83
0x00007e6429647a66:   f9 01 0f 8f da 00 00 00 44 89 f6 4c 89 c7 ff d0
0x00007e6429647a76:   b9 01 00 00 00 44 89 e8 f0 0f b1 0b 0f 84 5e ff
0x00007e6429647a86:   ff ff 48 89 df e8 30 15 05 00 e9 51 ff ff ff 0f
0x00007e6429647a96:   1f 00 44 89 e9 48 8b 40 18 48 c1 c8 11 64 48 33
0x00007e6429647aa6:   04 25 30 00 00 00 87 0b 83 f9 01 7f 5d ff d0 b9
0x00007e6429647ab6:   01 00 00 00 44 89 e8 f0 0f b1 0b 0f 84 1f ff ff
0x00007e6429647ac6:   ff 48 89 df e8 f1 14 05 00 e9 12 ff ff ff 0f 1f
0x00007e6429647ad6:   40 00 49 8b 07 48 8b 55 c8 48 89 02 48 85 c0 0f
0x00007e6429647ae6:   84 25 ff ff ff 4c 89 ff e8 ed 08 fe ff 48 8b 45
0x00007e6429647af6:   c8 4c 8b 38 4d 85 ff 0f 85 65 fe ff ff e9 08 ff
0x00007e6429647b06:   ff ff 0f 1f 84 00 00 00 00 00 48 89 df 48 89 45
0x00007e6429647b16:   c0 e8 64 15 05 00 48 8b 45 c0 eb 91 66 0f 1f 44
0x00007e6429647b26:   00 00 48 89 df 48 89 45 b8 48 89 75 c0 e8 48 15
0x00007e6429647b36:   05 00 48 8b 45 b8 48 8b 75 c0 e9 8a fe ff ff 0f
0x00007e6429647b46:   1f 00 48 89 df 48 89 45 b8 4c 89 45 c0 e8 28 15
0x00007e6429647b56:   05 00 48 8b 45 b8 4c 8b 45 c0 e9 09 ff ff ff e8
0x00007e6429647b66:   86 fb ff ff e9 c8 fd ff ff e8 4c ed 04 00 e9 b5


Stack slot to memory mapping:

stack at sp + 0 slots: 0x00000001201aa530 is an unknown value
stack at sp + 1 slots: 0x00007e63edffe828 points into unknown readable memory: 0x00007e642959b9c0 | c0 b9 59 29 64 7e 00 00
stack at sp + 2 slots: 0x00007e63edffe890 points into unknown readable memory: 0x00007e63edffe9a0 | a0 e9 ff ed 63 7e 00 00
stack at sp + 3 slots: 0x00007e6429803680: <offset 0x0000000000203680> in /lib/x86_64-linux-gnu/libc.so.6 at 0x00007e6429600000
stack at sp + 4 slots: 0x00007e63edffe900 points into unknown readable memory: 0x00007e63edffe9b0 | b0 e9 ff ed 63 7e 00 00
stack at sp + 5 slots: 0x00007e642959b9c0: <offset 0x000000000159b9c0> in /tmp/.mount_Nuvio-GbenmL/usr/lib/runtime/lib/server/libjvm.so at 0x00007e6428000000
stack at sp + 6 slots: 0x000000000000008f is an unknown value
stack at sp + 7 slots: 0x00007e64201aa8d0 points into unknown readable memory: 0x0000000000000002 | 02 00 00 00 00 00 00 00

VM_Operation (0x00007e62f83ea6c0): Exit, mode: safepoint, requested by thread 0x00007e63d000d730


---------------  P R O C E S S  ---------------

Threads class SMR info:
_java_thread_list=0x00007e6420a9bac0, length=43, elements={
0x00007e642002f930, 0x00007e64201e9480, 0x00007e64201eaa10, 0x00007e64201ec310,
0x00007e64201ed880, 0x00007e64201fee90, 0x00007e6420200950, 0x00007e6420201fc0,
0x00007e642026a960, 0x00007e6420288810, 0x00007e6420aa6110, 0x00007e64209d5940,
0x00007e6420b264f0, 0x00007e63a403ec40, 0x00007e6420b7e540, 0x00007e6420b7f690,
0x00007e638c3ee800, 0x00007e638cfffc80, 0x00007e638d019110, 0x00007e63a483cdb0,
0x00007e634806b790, 0x00007e6354006450, 0x00007e6304001670, 0x00007e634c00e070,
0x00007e635006ed10, 0x00007e634c0597c0, 0x00007e62dc000ff0, 0x00007e62d4000ff0,
0x00007e62c8000ff0, 0x00007e62cc000ff0, 0x00007e62c4000ff0, 0x00007e62a8013d30,
0x00007e63ac142970, 0x00007e62ac01e480, 0x00007e62a4003e90, 0x00007e62bc004660,
0x00007e62b402a0b0, 0x00007e6244a85a60, 0x00007e6244a7eae0, 0x00007e62454fcf70,
0x00007e62458654e0, 0x00007e62459118f0, 0x00007e63d000d730
}

Java Threads: ( => current thread )
  0x00007e642002f930 JavaThread "main"                              [_thread_blocked, id=191189, stack(0x00007e6427f00000,0x00007e6428000000) (1024K)]
  0x00007e64201e9480 JavaThread "Reference Handler"          daemon [_thread_blocked, id=191197, stack(0x00007e63eddff000,0x00007e63edeff000) (1024K)]
  0x00007e64201eaa10 JavaThread "Finalizer"                  daemon [_thread_blocked, id=191198, stack(0x00007e63ed700000,0x00007e63ed800000) (1024K)]
  0x00007e64201ec310 JavaThread "Signal Dispatcher"          daemon [_thread_blocked, id=191199, stack(0x00007e63ed600000,0x00007e63ed700000) (1024K)]
  0x00007e64201ed880 JavaThread "Service Thread"             daemon [_thread_blocked, id=191200, stack(0x00007e63ed500000,0x00007e63ed600000) (1024K)]
  0x00007e64201fee90 JavaThread "Monitor Deflation Thread"   daemon [_thread_blocked, id=191201, stack(0x00007e63ed400000,0x00007e63ed500000) (1024K)]
  0x00007e6420200950 JavaThread "C2 CompilerThread0"         daemon [_thread_blocked, id=191202, stack(0x00007e63ed300000,0x00007e63ed400000) (1024K)]
  0x00007e6420201fc0 JavaThread "C1 CompilerThread0"         daemon [_thread_blocked, id=191203, stack(0x00007e63ed200000,0x00007e63ed300000) (1024K)]
  0x00007e642026a960 JavaThread "Notification Thread"        daemon [_thread_blocked, id=191204, stack(0x00007e63ed100000,0x00007e63ed200000) (1024K)]
  0x00007e6420288810 JavaThread "Common-Cleaner"             daemon [_thread_blocked, id=191205, stack(0x00007e63ed000000,0x00007e63ed100000) (1024K)]
  0x00007e6420aa6110 JavaThread "Java2D Disposer"            daemon [_thread_blocked, id=191226, stack(0x00007e63ec445000,0x00007e63ec545000) (1024K)]
  0x00007e64209d5940 JavaThread "AWT-XAWT"                   daemon [_thread_blocked, id=191227, stack(0x00007e63ec345000,0x00007e63ec445000) (1024K)]
  0x00007e6420b264f0 JavaThread "Reference Cleaner"          daemon [_thread_blocked, id=191231, stack(0x00007e63b2500000,0x00007e63b2600000) (1024K)]
  0x00007e63a403ec40 JavaThread "kotlinx.coroutines.DefaultExecutor" daemon [_thread_blocked, id=191232, stack(0x00007e63b2400000,0x00007e63b2500000) (1024K)]
  0x00007e6420b7e540 JavaThread "AWT-Shutdown"                      [_thread_blocked, id=191233, stack(0x00007e63b2300000,0x00007e63b2400000) (1024K)]
  0x00007e6420b7f690 JavaThread "AWT-EventQueue-0"                  [_thread_blocked, id=191234, stack(0x00007e63b2200000,0x00007e63b2300000) (1024K)]
  0x00007e638c3ee800 JavaThread "TimerQueue"                 daemon [_thread_blocked, id=191246, stack(0x00007e63b15f5000,0x00007e63b16f5000) (1024K)]
  0x00007e638cfffc80 JavaThread "process reaper (pid 191683)" daemon [_thread_in_native, id=191254, stack(0x00007e63b0be2000,0x00007e63b0c04000) (136K)]
  0x00007e638d019110 JavaThread "JNA Cleaner"                daemon [_thread_blocked, id=191255, stack(0x00007e63b0ad0000,0x00007e63b0bd0000) (1024K)]
  0x00007e63a483cdb0 JavaThread "HttpClient-1-SelectorManager" daemon [_thread_in_native, id=191262, stack(0x00007e63288fc000,0x00007e63289fc000) (1024K)]
  0x00007e634806b790 JavaThread "HttpClient-2-SelectorManager" daemon [_thread_in_native, id=191263, stack(0x00007e63287fc000,0x00007e63288fc000) (1024K)]
  0x00007e6354006450 JavaThread "DefaultDispatcher-worker-9" daemon [_thread_blocked, id=191266, stack(0x00007e63286fc000,0x00007e63287fc000) (1024K)]
  0x00007e6304001670 JavaThread "ForkJoinPool.commonPool-worker-1" daemon [_thread_blocked, id=191270, stack(0x00007e6328008000,0x00007e6328108000) (1024K)]
  0x00007e634c00e070 JavaThread "ForkJoinPool.commonPool-worker-2" daemon [_thread_blocked, id=191271, stack(0x00007e62fbf00000,0x00007e62fc000000) (1024K)]
  0x00007e635006ed10 JavaThread "ForkJoinPool.commonPool-worker-3" daemon [_thread_blocked, id=191272, stack(0x00007e62fbe00000,0x00007e62fbf00000) (1024K)]
  0x00007e634c0597c0 JavaThread "DefaultDispatcher-worker-1" daemon [_thread_blocked, id=191283, stack(0x00007e62fb059000,0x00007e62fb159000) (1024K)]
  0x00007e62dc000ff0 JavaThread "DefaultDispatcher-worker-4" daemon [_thread_blocked, id=191293, stack(0x00007e62f99ec000,0x00007e62f9aec000) (1024K)]
  0x00007e62d4000ff0 JavaThread "DefaultDispatcher-worker-5" daemon [_thread_blocked, id=191297, stack(0x00007e62f95ec000,0x00007e62f96ec000) (1024K)]
  0x00007e62c8000ff0 JavaThread "DefaultDispatcher-worker-12" daemon [_thread_blocked, id=191298, stack(0x00007e62f94ec000,0x00007e62f95ec000) (1024K)]
  0x00007e62cc000ff0 JavaThread "DefaultDispatcher-worker-3" daemon [_thread_blocked, id=191299, stack(0x00007e62f93ec000,0x00007e62f94ec000) (1024K)]
  0x00007e62c4000ff0 JavaThread "DefaultDispatcher-worker-2" daemon [_thread_blocked, id=191302, stack(0x00007e62f90ec000,0x00007e62f91ec000) (1024K)]
  0x00007e62a8013d30 JavaThread "HttpClient-3-SelectorManager" daemon [_thread_in_native, id=191323, stack(0x00007e62fa633000,0x00007e62fa733000) (1024K)]
  0x00007e63ac142970 JavaThread "DefaultDispatcher-worker-11" daemon [_thread_blocked, id=191331, stack(0x00007e62fa533000,0x00007e62fa633000) (1024K)]
  0x00007e62ac01e480 JavaThread "DefaultDispatcher-worker-7" daemon [_thread_blocked, id=191338, stack(0x00007e6263900000,0x00007e6263a00000) (1024K)]
  0x00007e62a4003e90 JavaThread "DefaultDispatcher-worker-6" daemon [_thread_blocked, id=191343, stack(0x00007e6263400000,0x00007e6263500000) (1024K)]
  0x00007e62bc004660 JavaThread "DefaultDispatcher-worker-8" daemon [_thread_blocked, id=191348, stack(0x00007e6262f00000,0x00007e6263000000) (1024K)]
  0x00007e62b402a0b0 JavaThread "DefaultDispatcher-worker-10" daemon [_thread_blocked, id=191356, stack(0x00007e6262700000,0x00007e6262800000) (1024K)]
  0x00007e6244a85a60 JavaThread "HttpClient-4-SelectorManager" daemon [_thread_in_native, id=191666, stack(0x00007e6242c00000,0x00007e6242d00000) (1024K)]
  0x00007e6244a7eae0 JavaThread "HttpClient-5-SelectorManager" daemon [_thread_in_native, id=191667, stack(0x00007e6243b00000,0x00007e6243c00000) (1024K)]
  0x00007e62454fcf70 JavaThread "mpv-events"                 daemon [_thread_blocked, id=191673, stack(0x00007e6256300000,0x00007e6256400000) (1024K)]
  0x00007e62458654e0 JavaThread "mpv-pacing"                 daemon [_thread_blocked, id=191675, stack(0x00007e6256100000,0x00007e6256200000) (1024K)]
  0x00007e62459118f0 JavaThread "mpv-control"                daemon [_thread_blocked, id=191676, stack(0x00007e6255700000,0x00007e6255800000) (1024K)]
  0x00007e63d000d730 JavaThread "SIGTERM handler"            daemon [_thread_blocked, id=191799, stack(0x00007e62f82ec000,0x00007e62f83ec000) (1024K)]
Total: 43

Other Threads:
=>0x00007e64201aa530 VMThread "VM Thread"                           [id=191196, stack(0x00007e63edf00000,0x00007e63ee000000) (1024K)]
  0x00007e642005bf70 WorkerThread "GC Thread#0"                     [id=191190, stack(0x00007e63fd07f000,0x00007e63fd17f000) (1024K)]
  0x00007e63d4008350 WorkerThread "GC Thread#1"                     [id=191235, stack(0x00007e63b2100000,0x00007e63b2200000) (1024K)]
  0x00007e63d4008e90 WorkerThread "GC Thread#2"                     [id=191236, stack(0x00007e63b1fff000,0x00007e63b20ff000) (1024K)]
  0x00007e63d40099d0 WorkerThread "GC Thread#3"                     [id=191237, stack(0x00007e63b1efe000,0x00007e63b1ffe000) (1024K)]
  0x00007e63d400a510 WorkerThread "GC Thread#4"                     [id=191238, stack(0x00007e63b1dfd000,0x00007e63b1efd000) (1024K)]
  0x00007e63d400b050 WorkerThread "GC Thread#5"                     [id=191239, stack(0x00007e63b1cfc000,0x00007e63b1dfc000) (1024K)]
  0x00007e63d400bbc0 WorkerThread "GC Thread#6"                     [id=191240, stack(0x00007e63b1bfb000,0x00007e63b1cfb000) (1024K)]
  0x00007e63d400c730 WorkerThread "GC Thread#7"                     [id=191241, stack(0x00007e63b1afa000,0x00007e63b1bfa000) (1024K)]
  0x00007e63d400d2a0 WorkerThread "GC Thread#8"                     [id=191242, stack(0x00007e63b19f9000,0x00007e63b1af9000) (1024K)]
  0x00007e63d400de10 WorkerThread "GC Thread#9"                     [id=191243, stack(0x00007e63b18f8000,0x00007e63b19f8000) (1024K)]
  0x00007e642006ced0 ConcurrentGCThread "G1 Main Marker"            terminated
  0x00007e642006dda0 WorkerThread "G1 Conc#0"                       [id=191192, stack(0x00007e63fce7d000,0x00007e63fcf7d000) (1024K)]
  0x00007e63f0000d90 WorkerThread "G1 Conc#1"                       [id=191244, stack(0x00007e63b17f7000,0x00007e63b18f7000) (1024K)]
  0x00007e63f0001910 WorkerThread "G1 Conc#2"                       [id=191245, stack(0x00007e63b16f6000,0x00007e63b17f6000) (1024K)]
  0x00007e642010a8b0 ConcurrentGCThread "G1 Refine#0"               terminated
  0x00007e642010b870 ConcurrentGCThread "G1 Service"                terminated
Total: 17

Threads with active compile tasks:
C1 CompilerThread0  111734 17635   !   3       java.util.logging.Logger::doSetParent (167 bytes)
Total: 1

VM state: at safepoint (shutting down)

VM Mutex/Monitor currently owned by a thread:  ([mutex/lock_event])
[0x00007e6429571158] ThreadsLockThrottle_lock - owner thread: 0x00007e64201ec310
[0x00007e6429570ed8] Threads_lock - owner thread: 0x00007e64201aa530
[0x00007e6429570dd8] Heap_lock - owner thread: 0x00007e63d000d730

Heap address: 0x0000000418000000, size: 16000 MB, Compressed Oops mode: Zero based, Oop shift amount: 3

CDS archive(s) not mapped
Compressed class space mapped at: 0x0000000800000000-0x0000000840000000, reserved size: 1073741824
Narrow klass base: 0x0000000800000000, Narrow klass shift: 0, Narrow klass range: 0x40000000

GC Precious Log:
 CardTable entry size: 512
 Card Set container configuration: InlinePtr #cards 4 size 8 Array Of Cards #cards 64 size 144 Howl #buckets 8 coarsen threshold 14745 Howl Bitmap #cards 2048 size 272 coarsen threshold 1843 Card regions per heap region 1 cards per card region 16384
 CPUs: 12 total, 12 available
 Memory: 63989M
 Large Page Support: Disabled
 NUMA Support: Disabled
 Compressed Oops: Enabled (Zero based)
 Heap Region Size: 8M
 Heap Min Capacity: 8M
 Heap Initial Capacity: 1000M
 Heap Max Capacity: 16000M
 Pre-touch: Disabled
 Parallel Workers: 10
 Concurrent Workers: 3
 Concurrent Refinement Workers: 10
 Periodic GC: Disabled

Heap:
 garbage-first heap   total 360448K, used 128948K [0x0000000418000000, 0x0000000800000000)
  region size 8192K, 7 young (57344K), 0 survivors (0K)
 Metaspace       used 98556K, committed 100288K, reserved 1179648K
  class space    used 10509K, committed 11264K, reserved 1048576K

Heap Regions: E=young(eden), S=young(survivor), O=old, HS=humongous(starts), HC=humongous(continues), CS=collection set, F=free, TAMS=top-at-mark-start, PB=parsable bottom
|   0|0x0000000418000000, 0x00000004187ffff0, 0x0000000418800000| 99%| O|  |TAMS 0x0000000418000000| PB 0x0000000418000000| Untracked 
|   1|0x0000000418800000, 0x0000000418ffff00, 0x0000000419000000| 99%| O|  |TAMS 0x0000000418800000| PB 0x0000000418800000| Untracked 
|   2|0x0000000419000000, 0x00000004197c6b80, 0x0000000419800000| 97%| O|  |TAMS 0x0000000419000000| PB 0x0000000419000000| Untracked 
|   3|0x0000000419800000, 0x0000000419ffffe8, 0x000000041a000000| 99%| O|  |TAMS 0x0000000419800000| PB 0x0000000419800000| Untracked 
|   4|0x000000041a000000, 0x000000041a7ffff8, 0x000000041a800000| 99%| O|  |TAMS 0x000000041a000000| PB 0x000000041a000000| Untracked 
|   5|0x000000041a800000, 0x000000041affffd0, 0x000000041b000000| 99%| O|  |TAMS 0x000000041a800000| PB 0x000000041a800000| Untracked 
|   6|0x000000041b000000, 0x000000041b7ffff8, 0x000000041b800000| 99%| O|  |TAMS 0x000000041b000000| PB 0x000000041b000000| Untracked 
|   7|0x000000041b800000, 0x000000041bfffff0, 0x000000041c000000| 99%| O|  |TAMS 0x000000041b800000| PB 0x000000041b800000| Untracked 
|   8|0x000000041c000000, 0x000000041c000000, 0x000000041c800000|  0%| F|  |TAMS 0x000000041c000000| PB 0x000000041c000000| Untracked 
|   9|0x000000041c800000, 0x000000041ca8bb20, 0x000000041d000000| 31%| O|  |TAMS 0x000000041c800000| PB 0x000000041c800000| Untracked 
|  10|0x000000041d000000, 0x000000041d016a88, 0x000000041d800000|  1%| O|  |TAMS 0x000000041d000000| PB 0x000000041d000000| Untracked 
|  11|0x000000041d800000, 0x000000041db84080, 0x000000041e000000| 43%| O|  |TAMS 0x000000041d800000| PB 0x000000041d800000| Untracked 
|  12|0x000000041e000000, 0x000000041e000000, 0x000000041e800000|  0%| F|  |TAMS 0x000000041e000000| PB 0x000000041e000000| Untracked 
|  13|0x000000041e800000, 0x000000041e800000, 0x000000041f000000|  0%| F|  |TAMS 0x000000041e800000| PB 0x000000041e800000| Untracked 
|  14|0x000000041f000000, 0x000000041f000000, 0x000000041f800000|  0%| F|  |TAMS 0x000000041f000000| PB 0x000000041f000000| Untracked 
|  15|0x000000041f800000, 0x000000041f800000, 0x0000000420000000|  0%| F|  |TAMS 0x000000041f800000| PB 0x000000041f800000| Untracked 
|  16|0x0000000420000000, 0x0000000420000000, 0x0000000420800000|  0%| F|  |TAMS 0x0000000420000000| PB 0x0000000420000000| Untracked 
|  17|0x0000000420800000, 0x0000000420800000, 0x0000000421000000|  0%| F|  |TAMS 0x0000000420800000| PB 0x0000000420800000| Untracked 
|  18|0x0000000421000000, 0x0000000421000000, 0x0000000421800000|  0%| F|  |TAMS 0x0000000421000000| PB 0x0000000421000000| Untracked 
|  19|0x0000000421800000, 0x0000000421800000, 0x0000000422000000|  0%| F|  |TAMS 0x0000000421800000| PB 0x0000000421800000| Untracked 
|  20|0x0000000422000000, 0x0000000422000000, 0x0000000422800000|  0%| F|  |TAMS 0x0000000422000000| PB 0x0000000422000000| Untracked 
|  21|0x0000000422800000, 0x0000000422800000, 0x0000000423000000|  0%| F|  |TAMS 0x0000000422800000| PB 0x0000000422800000| Untracked 
|  22|0x0000000423000000, 0x0000000423000000, 0x0000000423800000|  0%| F|  |TAMS 0x0000000423000000| PB 0x0000000423000000| Untracked 
|  23|0x0000000423800000, 0x0000000423800000, 0x0000000424000000|  0%| F|  |TAMS 0x0000000423800000| PB 0x0000000423800000| Untracked 
|  24|0x0000000424000000, 0x0000000424000000, 0x0000000424800000|  0%| F|  |TAMS 0x0000000424000000| PB 0x0000000424000000| Untracked 
|  25|0x0000000424800000, 0x0000000424800000, 0x0000000425000000|  0%| F|  |TAMS 0x0000000424800000| PB 0x0000000424800000| Untracked 
|  26|0x0000000425000000, 0x0000000425800000, 0x0000000425800000|100%|HS|  |TAMS 0x0000000425000000| PB 0x0000000425000000| Untracked 
|  27|0x0000000425800000, 0x0000000426000000, 0x0000000426000000|100%|HC|  |TAMS 0x0000000425800000| PB 0x0000000425800000| Untracked 
|  28|0x0000000426000000, 0x0000000426000000, 0x0000000426800000|  0%| F|  |TAMS 0x0000000426000000| PB 0x0000000426000000| Untracked 
|  29|0x0000000426800000, 0x0000000426800000, 0x0000000427000000|  0%| F|  |TAMS 0x0000000426800000| PB 0x0000000426800000| Untracked 
|  30|0x0000000427000000, 0x0000000427000000, 0x0000000427800000|  0%| F|  |TAMS 0x0000000427000000| PB 0x0000000427000000| Untracked 
|  31|0x0000000427800000, 0x0000000427800000, 0x0000000428000000|  0%| F|  |TAMS 0x0000000427800000| PB 0x0000000427800000| Untracked 
|  32|0x0000000428000000, 0x0000000428000000, 0x0000000428800000|  0%| F|  |TAMS 0x0000000428000000| PB 0x0000000428000000| Untracked 
|  33|0x0000000428800000, 0x0000000428800000, 0x0000000429000000|  0%| F|  |TAMS 0x0000000428800000| PB 0x0000000428800000| Untracked 
|  34|0x0000000429000000, 0x0000000429000000, 0x0000000429800000|  0%| F|  |TAMS 0x0000000429000000| PB 0x0000000429000000| Untracked 
|  35|0x0000000429800000, 0x0000000429800000, 0x000000042a000000|  0%| F|  |TAMS 0x0000000429800000| PB 0x0000000429800000| Untracked 
|  36|0x000000042a000000, 0x000000042a000000, 0x000000042a800000|  0%| F|  |TAMS 0x000000042a000000| PB 0x000000042a000000| Untracked 
|  37|0x000000042a800000, 0x000000042a822080, 0x000000042b000000|  1%| E|  |TAMS 0x000000042a800000| PB 0x000000042a800000| Complete 
|  38|0x000000042b000000, 0x000000042b800000, 0x000000042b800000|100%| E|CS|TAMS 0x000000042b000000| PB 0x000000042b000000| Complete 
|  39|0x000000042b800000, 0x000000042c000000, 0x000000042c000000|100%| E|  |TAMS 0x000000042b800000| PB 0x000000042b800000| Complete 
|  40|0x000000042c000000, 0x000000042c800000, 0x000000042c800000|100%| E|CS|TAMS 0x000000042c000000| PB 0x000000042c000000| Complete 
|  41|0x000000042c800000, 0x000000042d000000, 0x000000042d000000|100%| E|CS|TAMS 0x000000042c800000| PB 0x000000042c800000| Complete 
|  42|0x000000042d000000, 0x000000042d800000, 0x000000042d800000|100%| E|CS|TAMS 0x000000042d000000| PB 0x000000042d000000| Complete 
|  43|0x000000042d800000, 0x000000042e000000, 0x000000042e000000|100%| E|CS|TAMS 0x000000042d800000| PB 0x000000042d800000| Complete 

Card table byte_map: [0x00007e640cc7b000,0x00007e640ebbb000] _byte_map_base: 0x00007e640abbb000

Marking Bits: (CMBitMap*) 0x00007e642005c9d0
 Bits: [0x00007e63fd200000, 0x00007e640cc00000)

Polling page: 0x00007e64299d9000

Metaspace:

Usage:
  Non-class:     85.98 MB used.
      Class:     10.26 MB used.
       Both:     96.25 MB used.

Virtual space:
  Non-class space:      128.00 MB reserved,      86.94 MB ( 68%) committed,  2 nodes.
      Class space:        1.00 GB reserved,      11.00 MB (  1%) committed,  1 nodes.
             Both:        1.12 GB reserved,      97.94 MB (  9%) committed. 

Chunk freelists:
   Non-Class:  8.91 MB
       Class:  4.83 MB
        Both:  13.73 MB

MaxMetaspaceSize: unlimited
CompressedClassSpaceSize: 1.00 GB
Initial GC threshold: 21.00 MB
Current GC threshold: 163.06 MB
CDS: off
 - commit_granule_bytes: 65536.
 - commit_granule_words: 8192.
 - virtual_space_node_default_size: 8388608.
 - enlarge_chunks_in_place: 1.
 - use_allocation_guard: 0.


Internal statistics:

num_allocs_failed_limit: 11.
num_arena_births: 2942.
num_arena_deaths: 98.
num_vsnodes_births: 3.
num_vsnodes_deaths: 0.
num_space_committed: 1567.
num_space_uncommitted: 0.
num_chunks_returned_to_freelist: 154.
num_chunks_taken_from_freelist: 6725.
num_chunk_merges: 52.
num_chunk_splits: 4195.
num_chunks_enlarged: 2556.
num_inconsistent_stats: 0.

CodeHeap 'non-profiled nmethods': size=120028Kb used=10355Kb max_used=11154Kb free=109672Kb
 bounds [0x00007e6418ac9000, 0x00007e64195b9000, 0x00007e6420000000]
CodeHeap 'profiled nmethods': size=120028Kb used=28717Kb max_used=33262Kb free=91310Kb
 bounds [0x00007e6411000000, 0x00007e64130e0000, 0x00007e6418537000]
CodeHeap 'non-nmethods': size=5704Kb used=4360Kb max_used=4418Kb free=1343Kb
 bounds [0x00007e6418537000, 0x00007e64189a7000, 0x00007e6418ac9000]
CodeCache: size=245760Kb, used=43432Kb, max_used=48834Kb, free=202325Kb
 total_blobs=17090, nmethods=14295, adapters=2699, full_count=0
Compilation: enabled, stopped_count=0, restarted_count=0

Compilation events (20 events):
Event: 108.278 Thread 0x00007e6420201fc0 nmethod 17625 0x00007e6411420890 code [0x00007e6411421080, 0x00007e6411425550]
Event: 108.278 Thread 0x00007e6420201fc0 17626       3       com.nuvio.app.features.player.PlayerScreenRuntimePlaybackActionsKt::getActivePlaybackIdentity (57 bytes)
Event: 108.279 Thread 0x00007e6420201fc0 nmethod 17626 0x00007e6411470410 code [0x00007e6411470680, 0x00007e6411470e40]
Event: 108.279 Thread 0x00007e6420201fc0 17627       3       com.nuvio.app.features.player.PlayerPlatformEffects_desktopKt::EnterImmersivePlayerMode (98 bytes)
Event: 108.280 Thread 0x00007e6420201fc0 nmethod 17627 0x00007e641110eb90 code [0x00007e641110ee80, 0x00007e641110fbb0]
Event: 108.280 Thread 0x00007e6420201fc0 17628       3       com.nuvio.app.features.player.PlayerPlatformEffects_desktopKt::ManagePlayerPictureInPicture-95KtPRI (103 bytes)
Event: 108.281 Thread 0x00007e6420201fc0 nmethod 17628 0x00007e64112c1310 code [0x00007e64112c1600, 0x00007e64112c2348]
Event: 108.367 Thread 0x00007e6420200950 17629       4       java.util.concurrent.locks.AbstractQueuedSynchronizer$Node::clearStatus (12 bytes)
Event: 108.368 Thread 0x00007e6420200950 nmethod 17629 0x00007e6418d87f10 code [0x00007e6418d88080, 0x00007e6418d88110]
Event: 108.765 Thread 0x00007e6420200950 17630       4       androidx.compose.runtime.GapComposer::changed (46 bytes)
Event: 108.768 Thread 0x00007e6420200950 nmethod 17630 0x00007e6418ad5d90 code [0x00007e6418ad5f40, 0x00007e6418ad6260]
Event: 109.394 Thread 0x00007e6420200950 17631       4       com.nuvio.app.features.player.PlayerScreenRuntime::getActiveSeasonNumber (25 bytes)
Event: 109.407 Thread 0x00007e6420200950 nmethod 17631 0x00007e641922ca10 code [0x00007e641922cc20, 0x00007e641922d1b8]
Event: 109.519 Thread 0x00007e6420200950 17632       4       com.nuvio.app.features.player.PlayerScreenRuntime::getActiveEpisodeNumber (25 bytes)
Event: 109.533 Thread 0x00007e6420200950 nmethod 17632 0x00007e6419279510 code [0x00007e6419279720, 0x00007e6419279cb8]
Event: 110.270 Thread 0x00007e6420200950 17633       4       kotlinx.coroutines.CancellableContinuationImpl::releaseClaimedReusableContinuation$kotlinx_coroutines_core (49 bytes)
Event: 110.278 Thread 0x00007e6420200950 nmethod 17633 0x00007e6418f1e810 code [0x00007e6418f1e9e0, 0x00007e6418f1ecd8]
Event: 110.893 Thread 0x00007e6420200950 17634       4       androidx.compose.runtime.RecomposeScopeImpl::invalidateForResult (24 bytes)
Event: 110.904 Thread 0x00007e6420200950 nmethod 17634 0x00007e6418fce290 code [0x00007e6418fce4c0, 0x00007e6418fced38]
Event: 111.395 Thread 0x00007e6420201fc0 17635   !   3       java.util.logging.Logger::doSetParent (167 bytes)

GC Heap History (20 events):
Event: 1.659 GC heap before
{Heap before GC invocations=8 (full 0):
 garbage-first heap   total 57344K, used 34435K [0x0000000418000000, 0x0000000800000000)
  region size 8192K, 3 young (24576K), 1 survivors (8192K)
 Metaspace       used 55256K, committed 56000K, reserved 1114112K
  class space    used 6036K, committed 6336K, reserved 1048576K
}
Event: 1.664 GC heap after
{Heap after GC invocations=9 (full 0):
 garbage-first heap   total 57344K, used 18424K [0x0000000418000000, 0x0000000800000000)
  region size 8192K, 1 young (8192K), 1 survivors (8192K)
 Metaspace       used 55256K, committed 56000K, reserved 1114112K
  class space    used 6036K, committed 6336K, reserved 1048576K
}
Event: 1.780 GC heap before
{Heap before GC invocations=9 (full 0):
 garbage-first heap   total 57344K, used 18424K [0x0000000418000000, 0x0000000800000000)
  region size 8192K, 3 young (24576K), 1 survivors (8192K)
 Metaspace       used 59793K, committed 60480K, reserved 1114112K
  class space    used 6635K, committed 6976K, reserved 1048576K
}
Event: 1.783 GC heap after
{Heap after GC invocations=10 (full 0):
 garbage-first heap   total 57344K, used 19606K [0x0000000418000000, 0x0000000800000000)
  region size 8192K, 1 young (8192K), 1 survivors (8192K)
 Metaspace       used 59793K, committed 60480K, reserved 1114112K
  class space    used 6635K, committed 6976K, reserved 1048576K
}
Event: 1.904 GC heap before
{Heap before GC invocations=11 (full 0):
 garbage-first heap   total 57344K, used 35990K [0x0000000418000000, 0x0000000800000000)
  region size 8192K, 3 young (24576K), 1 survivors (8192K)
 Metaspace       used 62929K, committed 63808K, reserved 1114112K
  class space    used 7055K, committed 7424K, reserved 1048576K
}
Event: 1.906 GC heap after
{Heap after GC invocations=12 (full 0):
 garbage-first heap   total 57344K, used 21200K [0x0000000418000000, 0x0000000800000000)
  region size 8192K, 1 young (8192K), 1 survivors (8192K)
 Metaspace       used 62929K, committed 63808K, reserved 1114112K
  class space    used 7055K, committed 7424K, reserved 1048576K
}
Event: 2.039 GC heap before
{Heap before GC invocations=12 (full 0):
 garbage-first heap   total 57344K, used 37584K [0x0000000418000000, 0x0000000800000000)
  region size 8192K, 3 young (24576K), 1 survivors (8192K)
 Metaspace       used 63986K, committed 64832K, reserved 1114112K
  class space    used 7177K, committed 7552K, reserved 1048576K
}
Event: 2.042 GC heap after
{Heap after GC invocations=13 (full 0):
 garbage-first heap   total 540672K, used 23662K [0x0000000418000000, 0x0000000800000000)
  region size 8192K, 1 young (8192K), 1 survivors (8192K)
 Metaspace       used 63986K, committed 64832K, reserved 1114112K
  class space    used 7177K, committed 7552K, reserved 1048576K
}
Event: 9.391 GC heap before
{Heap before GC invocations=13 (full 0):
 garbage-first heap   total 540672K, used 408686K [0x0000000418000000, 0x0000000800000000)
  region size 8192K, 24 young (196608K), 1 survivors (8192K)
 Metaspace       used 82549K, committed 83904K, reserved 1179648K
  class space    used 9216K, committed 9792K, reserved 1048576K
}
Event: 9.400 GC heap after
{Heap after GC invocations=14 (full 0):
 garbage-first heap   total 540672K, used 95062K [0x0000000418000000, 0x0000000800000000)
  region size 8192K, 5 young (40960K), 5 survivors (40960K)
 Metaspace       used 82549K, committed 83904K, reserved 1179648K
  class space    used 9216K, committed 9792K, reserved 1048576K
}
Event: 10.599 GC heap before
{Heap before GC invocations=15 (full 0):
 garbage-first heap   total 409600K, used 316246K [0x0000000418000000, 0x0000000800000000)
  region size 8192K, 30 young (245760K), 5 survivors (40960K)
 Metaspace       used 85529K, committed 87040K, reserved 1179648K
  class space    used 9424K, committed 10048K, reserved 1048576K
}
Event: 10.611 GC heap after
{Heap after GC invocations=16 (full 0):
 garbage-first heap   total 409600K, used 106251K [0x0000000418000000, 0x0000000800000000)
  region size 8192K, 4 young (32768K), 4 survivors (32768K)
 Metaspace       used 85529K, committed 87040K, reserved 1179648K
  class space    used 9424K, committed 10048K, reserved 1048576K
}
Event: 11.461 GC heap before
{Heap before GC invocations=16 (full 0):
 garbage-first heap   total 409600K, used 278283K [0x0000000418000000, 0x0000000800000000)
  region size 8192K, 26 young (212992K), 4 survivors (32768K)
 Metaspace       used 85936K, committed 87424K, reserved 1179648K
  class space    used 9441K, committed 10048K, reserved 1048576K
}
Event: 11.469 GC heap after
{Heap after GC invocations=17 (full 0):
 garbage-first heap   total 409600K, used 100102K [0x0000000418000000, 0x0000000800000000)
  region size 8192K, 1 young (8192K), 1 survivors (8192K)
 Metaspace       used 85936K, committed 87424K, reserved 1179648K
  class space    used 9441K, committed 10048K, reserved 1048576K
}
Event: 16.015 GC heap before
{Heap before GC invocations=17 (full 0):
 garbage-first heap   total 409600K, used 304902K [0x0000000418000000, 0x0000000800000000)
  region size 8192K, 27 young (221184K), 1 survivors (8192K)
 Metaspace       used 90061K, committed 91712K, reserved 1179648K
  class space    used 9845K, committed 10560K, reserved 1048576K
}
Event: 16.023 GC heap after
{Heap after GC invocations=18 (full 0):
 garbage-first heap   total 409600K, used 122943K [0x0000000418000000, 0x0000000800000000)
  region size 8192K, 4 young (32768K), 4 survivors (32768K)
 Metaspace       used 90061K, committed 91712K, reserved 1179648K
  class space    used 9845K, committed 10560K, reserved 1048576K
}
Event: 30.477 GC heap before
{Heap before GC invocations=18 (full 0):
 garbage-first heap   total 409600K, used 303167K [0x0000000418000000, 0x0000000800000000)
  region size 8192K, 28 young (229376K), 4 survivors (32768K)
 Metaspace       used 97208K, committed 99008K, reserved 1179648K
  class space    used 10462K, committed 11264K, reserved 1048576K
}
Event: 30.540 GC heap after
{Heap after GC invocations=19 (full 1):
 garbage-first heap   total 385024K, used 93952K [0x0000000418000000, 0x0000000800000000)
  region size 8192K, 0 young (0K), 0 survivors (0K)
 Metaspace       used 97175K, committed 99008K, reserved 1179648K
  class space    used 10452K, committed 11264K, reserved 1048576K
}
Event: 90.541 GC heap before
{Heap before GC invocations=19 (full 1):
 garbage-first heap   total 385024K, used 208640K [0x0000000418000000, 0x0000000800000000)
  region size 8192K, 15 young (122880K), 0 survivors (0K)
 Metaspace       used 98386K, committed 100160K, reserved 1179648K
  class space    used 10504K, committed 11264K, reserved 1048576K
}
Event: 90.595 GC heap after
{Heap after GC invocations=20 (full 2):
 garbage-first heap   total 360448K, used 87988K [0x0000000418000000, 0x0000000800000000)
  region size 8192K, 0 young (0K), 0 survivors (0K)
 Metaspace       used 98386K, committed 100160K, reserved 1179648K
  class space    used 10504K, committed 11264K, reserved 1048576K
}

Dll operation events (20 events):
Event: 0.131 Attempting to load shared library /tmp/.mount_Nuvio-GbenmL/usr/lib/runtime/lib/libzip.so
Event: 0.131 Loaded shared library /tmp/.mount_Nuvio-GbenmL/usr/lib/runtime/lib/libzip.so
Event: 0.200 Attempting to load shared library /tmp/.mount_Nuvio-GbenmL/usr/lib/runtime/lib/libnet.so
Event: 0.200 Loaded shared library /tmp/.mount_Nuvio-GbenmL/usr/lib/runtime/lib/libnet.so
Event: 0.275 Attempting to load shared library /tmp/.mount_Nuvio-GbenmL/usr/lib/app/libskiko-linux-x64.so
Event: 0.284 Loaded shared library /tmp/.mount_Nuvio-GbenmL/usr/lib/app/libskiko-linux-x64.so
Event: 0.300 Attempting to load shared library /tmp/.mount_Nuvio-GbenmL/usr/lib/runtime/lib/libjimage.so
Event: 0.300 Loaded shared library /tmp/.mount_Nuvio-GbenmL/usr/lib/runtime/lib/libjimage.so
Event: 0.302 Attempting to load shared library /tmp/.mount_Nuvio-GbenmL/usr/lib/runtime/lib/libawt.so
Event: 0.303 Loaded shared library /tmp/.mount_Nuvio-GbenmL/usr/lib/runtime/lib/libawt.so
Event: 0.305 Attempting to load shared library /tmp/.mount_Nuvio-GbenmL/usr/lib/runtime/lib/libawt_xawt.so
Event: 0.306 Loaded shared library /tmp/.mount_Nuvio-GbenmL/usr/lib/runtime/lib/libawt_xawt.so
Event: 0.343 Attempting to load shared library /tmp/.mount_Nuvio-GbenmL/usr/lib/runtime/lib/libfontmanager.so
Event: 0.345 Loaded shared library /tmp/.mount_Nuvio-GbenmL/usr/lib/runtime/lib/libfontmanager.so
Event: 1.241 Attempting to load shared library /home/benld/.cache/JNA/temp/jna477485180455907691.tmp
Event: 1.241 Loaded shared library /home/benld/.cache/JNA/temp/jna477485180455907691.tmp
Event: 1.325 Attempting to load shared library /tmp/.mount_Nuvio-GbenmL/usr/lib/runtime/lib/libprefs.so
Event: 1.325 Loaded shared library /tmp/.mount_Nuvio-GbenmL/usr/lib/runtime/lib/libprefs.so
Event: 15.560 Attempting to load shared library /tmp/quickjs_quickjs9870223048454996619.tmp
Event: 15.560 Loaded shared library /tmp/quickjs_quickjs9870223048454996619.tmp

Deoptimization events (20 events):
Event: 96.921 Thread 0x00007e6420b7f690 Uncommon trap: trap_request=0xffffff6e fr.pc=0x00007e641957e3a0 relative=0x0000000000000e60
Event: 96.921 Thread 0x00007e6420b7f690 Uncommon trap: reason=loop_limit_check action=maybe_recompile pc=0x00007e641957e3a0 method=androidx.compose.ui.graphics.layer.GraphicsLayer.recordWithTracking(Lkotlin/jvm/functions/Function1;)V @ 247 c2
Event: 96.921 Thread 0x00007e6420b7f690 DEOPT PACKING pc=0x00007e641957e3a0 sp=0x00007e63b22fdc90
Event: 96.921 Thread 0x00007e6420b7f690 DEOPT UNPACKING pc=0x00007e641858af99 sp=0x00007e63b22fdba0 mode 2
Event: 96.925 Thread 0x00007e6420b7f690 Uncommon trap: trap_request=0xffffff45 fr.pc=0x00007e641905a210 relative=0x00000000000002d0
Event: 96.925 Thread 0x00007e6420b7f690 Uncommon trap: reason=unstable_if action=reinterpret pc=0x00007e641905a210 method=androidx.compose.runtime.snapshots.SnapshotKt.overwriteUnusedRecordsLocked(Landroidx/compose/runtime/snapshots/StateObject;)Z @ 119 c2
Event: 96.925 Thread 0x00007e6420b7f690 DEOPT PACKING pc=0x00007e641905a210 sp=0x00007e63b22fda90
Event: 96.925 Thread 0x00007e6420b7f690 DEOPT UNPACKING pc=0x00007e641858af99 sp=0x00007e63b22fd9b0 mode 2
Event: 96.926 Thread 0x00007e6420b7f690 Uncommon trap: trap_request=0xffffff45 fr.pc=0x00007e64191d1cc8 relative=0x00000000000024e8
Event: 96.926 Thread 0x00007e6420b7f690 Uncommon trap: reason=unstable_if action=reinterpret pc=0x00007e64191d1cc8 method=androidx.compose.runtime.snapshots.SnapshotKt.overwriteUnusedRecordsLocked(Landroidx/compose/runtime/snapshots/StateObject;)Z @ 41 c2
Event: 96.926 Thread 0x00007e6420b7f690 DEOPT PACKING pc=0x00007e64191d1cc8 sp=0x00007e63b22fdc40
Event: 96.926 Thread 0x00007e6420b7f690 DEOPT UNPACKING pc=0x00007e641858af99 sp=0x00007e63b22fd9f0 mode 2
Event: 96.928 Thread 0x00007e6420b7f690 Uncommon trap: trap_request=0xffffffd6 fr.pc=0x00007e6418d3e5c0 relative=0x0000000000000860
Event: 96.928 Thread 0x00007e6420b7f690 Uncommon trap: reason=array_check action=maybe_recompile pc=0x00007e6418d3e5c0 method=java.util.TimSort.binarySort([Ljava/lang/Object;IIILjava/util/Comparator;)V @ 193 c2
Event: 96.928 Thread 0x00007e6420b7f690 DEOPT PACKING pc=0x00007e6418d3e5c0 sp=0x00007e63b22fdb90
Event: 96.928 Thread 0x00007e6420b7f690 DEOPT UNPACKING pc=0x00007e641858af99 sp=0x00007e63b22fdb38 mode 2
Event: 96.965 Thread 0x00007e6420b7f690 Uncommon trap: trap_request=0xffffff6e fr.pc=0x00007e6419444608 relative=0x0000000000000a48
Event: 96.965 Thread 0x00007e6420b7f690 Uncommon trap: reason=loop_limit_check action=maybe_recompile pc=0x00007e6419444608 method=androidx.compose.runtime.SingleSubscriptionSnapshotFlowManager.unregisterApplyObserver$lambda$0(Landroidx/compose/runtime/SingleSubscriptionSnapshotFlowManager;Ljav
Event: 96.965 Thread 0x00007e6420b7f690 DEOPT PACKING pc=0x00007e6419444608 sp=0x00007e63b22fdcf0
Event: 96.966 Thread 0x00007e6420b7f690 DEOPT UNPACKING pc=0x00007e641858af99 sp=0x00007e63b22fdbd0 mode 2

Classes loaded (20 events):
Event: 26.367 Loading class java/lang/ProcessBuilder$Redirect$2
Event: 26.367 Loading class java/lang/ProcessBuilder$Redirect$2 done
Event: 26.367 Loading class java/lang/ProcessBuilder$Redirect$3
Event: 26.367 Loading class java/lang/ProcessBuilder$Redirect$3 done
Event: 26.367 Loading class java/lang/ProcessBuilder$Redirect$Type
Event: 26.367 Loading class java/lang/ProcessBuilder$Redirect$Type done
Event: 26.367 Loading class java/lang/ProcessBuilder$RedirectPipeImpl
Event: 26.368 Loading class java/lang/ProcessBuilder$RedirectPipeImpl done
Event: 28.309 Loading class jdk/internal/math/FormattedFPDecimal
Event: 28.310 Loading class jdk/internal/math/FormattedFPDecimal done
Event: 31.326 Loading class java/util/prefs/FileSystemPreferences$10
Event: 31.327 Loading class java/util/prefs/FileSystemPreferences$10 done
Event: 31.327 Loading class java/util/prefs/FileSystemPreferences$12
Event: 31.327 Loading class java/util/prefs/FileSystemPreferences$12 done
Event: 31.327 Loading class java/util/prefs/FileSystemPreferences$11
Event: 31.327 Loading class java/util/prefs/FileSystemPreferences$11 done
Event: 37.092 Loading class java/util/prefs/FileSystemPreferences$5
Event: 37.092 Loading class java/util/prefs/FileSystemPreferences$5 done
Event: 111.395 Loading class jdk/internal/misc/Signal$1
Event: 111.395 Loading class jdk/internal/misc/Signal$1 done

Classes unloaded (20 events):
Event: 9.418 Thread 0x00007e64201aa530 Unloading class 0x000000080061c400 'java/lang/invoke/LambdaForm$MH+0x000000080061c400'
Event: 30.494 Thread 0x00007e64201aa530 Unloading class 0x0000000800993400 'java/lang/invoke/LambdaForm$MH+0x0000000800993400'
Event: 30.494 Thread 0x00007e64201aa530 Unloading class 0x0000000800993800 'java/lang/invoke/LambdaForm$MH+0x0000000800993800'
Event: 30.494 Thread 0x00007e64201aa530 Unloading class 0x0000000800992c00 'java/lang/invoke/LambdaForm$DMH+0x0000000800992c00'
Event: 30.494 Thread 0x00007e64201aa530 Unloading class 0x0000000800992400 'java/lang/invoke/LambdaForm$DMH+0x0000000800992400'
Event: 30.494 Thread 0x00007e64201aa530 Unloading class 0x0000000800991800 'java/lang/invoke/LambdaForm$MH+0x0000000800991800'
Event: 30.494 Thread 0x00007e64201aa530 Unloading class 0x0000000800991000 'java/lang/invoke/LambdaForm$MH+0x0000000800991000'
Event: 30.494 Thread 0x00007e64201aa530 Unloading class 0x0000000800990800 'java/lang/invoke/LambdaForm$MH+0x0000000800990800'
Event: 30.494 Thread 0x00007e64201aa530 Unloading class 0x0000000800990000 'java/lang/invoke/LambdaForm$MH+0x0000000800990000'
Event: 30.494 Thread 0x00007e64201aa530 Unloading class 0x0000000800989c00 'java/lang/invoke/LambdaForm$MH+0x0000000800989c00'
Event: 30.494 Thread 0x00007e64201aa530 Unloading class 0x0000000800894000 'java/lang/invoke/LambdaForm$DMH+0x0000000800894000'
Event: 30.494 Thread 0x00007e64201aa530 Unloading class 0x0000000800894800 'java/lang/invoke/LambdaForm$DMH+0x0000000800894800'
Event: 30.494 Thread 0x00007e64201aa530 Unloading class 0x0000000800718000 'java/lang/invoke/LambdaForm$DMH+0x0000000800718000'
Event: 30.494 Thread 0x00007e64201aa530 Unloading class 0x0000000800718800 'java/lang/invoke/LambdaForm$DMH+0x0000000800718800'
Event: 30.494 Thread 0x00007e64201aa530 Unloading class 0x0000000800718400 'java/lang/invoke/LambdaForm$DMH+0x0000000800718400'
Event: 30.494 Thread 0x00007e64201aa530 Unloading class 0x0000000800640c00 'java/lang/invoke/LambdaForm$DMH+0x0000000800640c00'
Event: 30.494 Thread 0x00007e64201aa530 Unloading class 0x0000000800640800 'java/lang/invoke/LambdaForm$DMH+0x0000000800640800'
Event: 30.494 Thread 0x00007e64201aa530 Unloading class 0x000000080063c800 'java/lang/invoke/LambdaForm$DMH+0x000000080063c800'
Event: 30.494 Thread 0x00007e64201aa530 Unloading class 0x000000080063cc00 'java/lang/invoke/LambdaForm$DMH+0x000000080063cc00'
Event: 30.494 Thread 0x00007e64201aa530 Unloading class 0x000000080063c400 'java/lang/invoke/LambdaForm$DMH+0x000000080063c400'

Classes redefined (0 events):
No events

Internal exceptions (20 events):
Event: 32.812 Thread 0x00007e6244a85a60 Exception <a 'java/net/ConnectException'{0x000000042f4e3898}> (0x000000042f4e3898) 
thrown [src/hotspot/share/prims/jni.cpp, line 520]
Event: 32.896 Thread 0x00007e6420b7f690 Exception <a 'java/lang/NoSuchMethodError'{0x000000042f7f8b58}: 'java.lang.Object java.lang.invoke.DirectMethodHandle$Holder.invokeSpecial(java.lang.Object, java.lang.Object, int, int, java.lang.Object, java.lang.Object, int)'> (0x000000042f7f8b58) 
thrown [src/hotspot/share/interpreter/linkResolver.cpp, line 772]
Event: 37.086 Thread 0x00007e6420b7f690 Exception <a 'sun/nio/fs/UnixException'{0x000000042e1ca1b0}> (0x000000042e1ca1b0) 
thrown [src/hotspot/share/prims/jni.cpp, line 520]
Event: 37.090 Thread 0x00007e6420b7f690 Exception <a 'java/lang/NoSuchMethodError'{0x000000042e360840}: 'java.lang.Object java.lang.invoke.DirectMethodHandle$Holder.newInvokeSpecial(java.lang.Object, long, java.lang.Object)'> (0x000000042e360840) 
thrown [src/hotspot/share/interpreter/linkResolver.cpp, line 772]
Event: 37.264 Thread 0x00007e62b402a0b0 Exception <a 'sun/nio/fs/UnixException'{0x000000042e48dcb0}> (0x000000042e48dcb0) 
thrown [src/hotspot/share/prims/jni.cpp, line 520]
Event: 39.595 Thread 0x00007e62454fcf70 Implicit null exception at 0x00007e6418dbba1a to 0x00007e6418dbbf9c
Event: 39.840 Thread 0x00007e631001c150 Exception <a 'java/lang/NoSuchMethodError'{0x000000042da51288}: 'java.lang.Object java.lang.invoke.DirectMethodHandle$Holder.newInvokeSpecial(java.lang.Object, java.lang.Object, long, java.lang.Object)'> (0x000000042da51288) 
thrown [src/hotspot/share/interpreter/linkResolver.cpp, line 772]
Event: 39.964 Thread 0x00007e6420b7f690 Exception <a 'sun/nio/fs/UnixException'{0x000000042db53f08}> (0x000000042db53f08) 
thrown [src/hotspot/share/prims/jni.cpp, line 520]
Event: 40.141 Thread 0x00007e62d4000ff0 Exception <a 'sun/nio/fs/UnixException'{0x000000042dd75208}> (0x000000042dd75208) 
thrown [src/hotspot/share/prims/jni.cpp, line 520]
Event: 42.873 Thread 0x00007e62454fcf70 Implicit null exception at 0x00007e64194d1147 to 0x00007e64194d3c38
Event: 43.598 Thread 0x00007e62454fcf70 Implicit null exception at 0x00007e64194df05e to 0x00007e64194e1cdc
Event: 44.459 Thread 0x00007e62454fcf70 Implicit null exception at 0x00007e64194ea52e to 0x00007e64194ecf60
Event: 44.668 Thread 0x00007e62454fcf70 Implicit null exception at 0x00007e64194f478b to 0x00007e64194f4e68
Event: 45.291 Thread 0x00007e62454fcf70 Implicit null exception at 0x00007e64194f8a62 to 0x00007e64194fb45c
Event: 46.100 Thread 0x00007e62454fcf70 Implicit null exception at 0x00007e64195055e2 to 0x00007e6419507fdc
Event: 86.421 Thread 0x00007e6420b7f690 Exception <a 'sun/nio/fs/UnixException'{0x00000004297e51a8}> (0x00000004297e51a8) 
thrown [src/hotspot/share/prims/jni.cpp, line 520]
Event: 95.411 Thread 0x00007e6420b7f690 Exception <a 'sun/nio/fs/UnixException'{0x000000042d3133f0}> (0x000000042d3133f0) 
thrown [src/hotspot/share/prims/jni.cpp, line 520]
Event: 95.651 Thread 0x00007e62bc004660 Exception <a 'sun/nio/fs/UnixException'{0x000000042dfedd30}> (0x000000042dfedd30) 
thrown [src/hotspot/share/prims/jni.cpp, line 520]
Event: 96.303 Thread 0x00007e6420b7f690 Exception <a 'sun/nio/fs/UnixException'{0x000000042d64ac58}> (0x000000042d64ac58) 
thrown [src/hotspot/share/prims/jni.cpp, line 520]
Event: 96.469 Thread 0x00007e62b402a0b0 Exception <a 'sun/nio/fs/UnixException'{0x000000042ca70ad8}> (0x000000042ca70ad8) 
thrown [src/hotspot/share/prims/jni.cpp, line 520]

ZGC Phase Switch (0 events):
No events

VM Operations (20 events):
Event: 94.596 Executing safepoint VM operation: Cleanup done
Event: 95.596 Executing safepoint VM operation: Cleanup
Event: 95.596 Executing safepoint VM operation: Cleanup done
Event: 96.597 Executing safepoint VM operation: Cleanup
Event: 96.597 Executing safepoint VM operation: Cleanup done
Event: 97.597 Executing safepoint VM operation: Cleanup
Event: 97.597 Executing safepoint VM operation: Cleanup done
Event: 98.597 Executing safepoint VM operation: Cleanup
Event: 98.597 Executing safepoint VM operation: Cleanup done
Event: 99.597 Executing safepoint VM operation: Cleanup
Event: 99.597 Executing safepoint VM operation: Cleanup done
Event: 100.598 Executing safepoint VM operation: Cleanup
Event: 100.598 Executing safepoint VM operation: Cleanup done
Event: 102.598 Executing safepoint VM operation: Cleanup
Event: 102.598 Executing safepoint VM operation: Cleanup done
Event: 104.599 Executing safepoint VM operation: Cleanup
Event: 104.599 Executing safepoint VM operation: Cleanup done
Event: 105.599 Executing safepoint VM operation: Cleanup
Event: 105.599 Executing safepoint VM operation: Cleanup done
Event: 111.396 Executing safepoint VM operation: Exit

Memory protections (20 events):
Event: 110.851 Protecting memory [0x00007e622b800000,0x00007e622b804000] with protection modes 0
Event: 110.891 Protecting memory [0x00007e622b800000,0x00007e622b804000] with protection modes 0
Event: 110.934 Protecting memory [0x00007e622b800000,0x00007e622b804000] with protection modes 0
Event: 110.976 Protecting memory [0x00007e622b800000,0x00007e622b804000] with protection modes 0
Event: 111.018 Protecting memory [0x00007e622b800000,0x00007e622b804000] with protection modes 0
Event: 111.059 Protecting memory [0x00007e622b800000,0x00007e622b804000] with protection modes 0
Event: 111.101 Protecting memory [0x00007e622b800000,0x00007e622b804000] with protection modes 0
Event: 111.143 Protecting memory [0x00007e622b800000,0x00007e622b804000] with protection modes 0
Event: 111.183 Protecting memory [0x00007e622b800000,0x00007e622b804000] with protection modes 0
Event: 111.226 Protecting memory [0x00007e622b800000,0x00007e622b804000] with protection modes 0
Event: 111.268 Protecting memory [0x00007e622b800000,0x00007e622b804000] with protection modes 0
Event: 111.310 Protecting memory [0x00007e622b800000,0x00007e622b804000] with protection modes 0
Event: 111.351 Protecting memory [0x00007e622b800000,0x00007e622b804000] with protection modes 0
Event: 111.393 Protecting memory [0x00007e622b800000,0x00007e622b804000] with protection modes 0
Event: 111.395 Protecting memory [0x00007e62f82ec000,0x00007e62f82f0000] with protection modes 0
Event: 111.395 Protecting memory [0x00007e63b0c04000,0x00007e63b0c08000] with protection modes 0
Event: 111.395 Protecting memory [0x00007e62f8bec000,0x00007e62f8bf0000] with protection modes 0
Event: 111.395 Protecting memory [0x00007e624d500000,0x00007e624d504000] with protection modes 0
Event: 111.396 Protecting memory [0x00007e62f97ec000,0x00007e62f97f0000] with protection modes 0
Event: 111.641 Protecting memory [0x00007e622b800000,0x00007e622b804000] with protection modes 0

Nmethod flushes (20 events):
Event: 90.566 Thread 0x00007e64201aa530 flushing  nmethod 0x00007e6412924110
Event: 90.566 Thread 0x00007e64201aa530 flushing  nmethod 0x00007e6412925290
Event: 90.566 Thread 0x00007e64201aa530 flushing  nmethod 0x00007e6412929610
Event: 90.566 Thread 0x00007e64201aa530 flushing  nmethod 0x00007e64129d7c10
Event: 90.566 Thread 0x00007e64201aa530 flushing  nmethod 0x00007e64129d8710
Event: 90.566 Thread 0x00007e64201aa530 flushing  nmethod 0x00007e64129dbb10
Event: 90.566 Thread 0x00007e64201aa530 flushing  nmethod 0x00007e64129e0610
Event: 90.566 Thread 0x00007e64201aa530 flushing  nmethod 0x00007e6412a5f910
Event: 90.566 Thread 0x00007e64201aa530 flushing  nmethod 0x00007e6412a5ff90
Event: 90.566 Thread 0x00007e64201aa530 flushing  nmethod 0x00007e6412a60d90
Event: 90.566 Thread 0x00007e64201aa530 flushing  nmethod 0x00007e6412c20710
Event: 90.566 Thread 0x00007e64201aa530 flushing  nmethod 0x00007e6412c21290
Event: 90.566 Thread 0x00007e64201aa530 flushing  nmethod 0x00007e6412c21890
Event: 90.566 Thread 0x00007e64201aa530 flushing  nmethod 0x00007e6412c21d90
Event: 90.566 Thread 0x00007e64201aa530 flushing  nmethod 0x00007e6412c22090
Event: 90.566 Thread 0x00007e64201aa530 flushing  nmethod 0x00007e6412c22c10
Event: 90.566 Thread 0x00007e64201aa530 flushing  nmethod 0x00007e6412c23a90
Event: 90.566 Thread 0x00007e64201aa530 flushing  nmethod 0x00007e6412c25510
Event: 90.566 Thread 0x00007e64201aa530 flushing  nmethod 0x00007e6412c26810
Event: 90.566 Thread 0x00007e64201aa530 flushing  nmethod 0x00007e6412ed2310

Events (20 events):
Event: 111.226 Thread 0x00007e6378070160 Thread exited: 0x00007e6378070160
Event: 111.268 Thread 0x00007e6378070160 Thread added: 0x00007e6378070160
Event: 111.269 Thread 0x00007e6378070160 Thread exited: 0x00007e6378070160
Event: 111.310 Thread 0x00007e6378070160 Thread added: 0x00007e6378070160
Event: 111.310 Thread 0x00007e6378070160 Thread exited: 0x00007e6378070160
Event: 111.351 Thread 0x00007e6378070160 Thread added: 0x00007e6378070160
Event: 111.352 Thread 0x00007e6378070160 Thread exited: 0x00007e6378070160
Event: 111.393 Thread 0x00007e6378070160 Thread added: 0x00007e6378070160
Event: 111.393 Thread 0x00007e6378070160 Thread exited: 0x00007e6378070160
Event: 111.395 Thread 0x00007e64201ec310 Thread added: 0x00007e63d000d730
Event: 111.395 Thread 0x00007e63d000d730 Thread added: 0x00007e62640008e0
Event: 111.395 Thread 0x00007e63d000d730 Thread added: 0x00007e6264060630
Event: 111.395 Thread 0x00007e63d000d730 Thread added: 0x00007e62640389e0
Event: 111.396 Thread 0x00007e63d000d730 Thread added: 0x00007e6264051a60
Event: 111.396 Thread 0x00007e62640389e0 Thread exited: 0x00007e62640389e0
Event: 111.396 Thread 0x00007e63a473c620 Thread exited: 0x00007e63a473c620
Event: 111.396 Thread 0x00007e62640008e0 Thread exited: 0x00007e62640008e0
Event: 111.396 Thread 0x00007e6264060630 Thread exited: 0x00007e6264060630
Event: 111.396 Thread 0x00007e6264051a60 Thread exited: 0x00007e6264051a60
Event: 111.396 Thread 0x00007e63d000d730 Before exit entered


Dynamic libraries:
418000000-42e000000 rw-p 00000000 00:00 0 
42e000000-800000000 ---p 00000000 00:00 0 
800000000-800010000 rw-p 00000000 00:00 0 
800010000-800030000 rw-p 00000000 00:00 0 
800030000-8000b0000 rw-p 00000000 00:00 0 
8000b0000-800130000 rw-p 00000000 00:00 0 
800130000-8001f0000 rw-p 00000000 00:00 0 
8001f0000-800250000 rw-p 00000000 00:00 0 
800250000-800270000 rw-p 00000000 00:00 0 
800270000-8002f0000 rw-p 00000000 00:00 0 
8002f0000-800430000 rw-p 00000000 00:00 0 
800430000-800470000 rw-p 00000000 00:00 0 
800470000-8004f0000 rw-p 00000000 00:00 0 
8004f0000-800550000 rw-p 00000000 00:00 0 
800550000-8005b0000 rw-p 00000000 00:00 0 
8005b0000-8005f0000 rw-p 00000000 00:00 0 
8005f0000-8006f0000 rw-p 00000000 00:00 0 
8006f0000-800a30000 rw-p 00000000 00:00 0 
800a30000-800a50000 rw-p 00000000 00:00 0 
800a50000-800a80000 ---p 00000000 00:00 0 
800a80000-800b30000 rw-p 00000000 00:00 0 
800b30000-840000000 ---p 00000000 00:00 0 
64a3dde58000-64a3dde5b000 r-xp 00000000 00:32 129                        /usr/bin/nuvio
64a3dde5b000-64a3dde5c000 r--p 00002000 00:32 129                        /usr/bin/nuvio
64a3dde5c000-64a3dde5d000 rw-p 00003000 00:32 129                        /usr/bin/nuvio
64a41c1d1000-64a41c2e3000 rw-p 00000000 00:00 0                          [heap]
7e6214000000-7e6217bc5000 rw-p 00000000 00:00 0 
7e6217bc5000-7e6218000000 ---p 00000000 00:00 0 
7e621c000000-7e6220000000 rw-p 00000000 00:00 0 
7e62225b6000-7e62225b7000 ---p 00000000 00:00 0 
7e62225b7000-7e6222db7000 rw-p 00000000 00:00 0 
7e6222db7000-7e6222db8000 ---p 00000000 00:00 0 
7e6222db8000-7e62235b8000 rw-p 00000000 00:00 0 
7e62235b8000-7e6229575000 rw-p 00000000 00:00 0 
7e62299cb000-7e62299cc000 ---p 00000000 00:00 0 
7e62299cc000-7e622a1cc000 rw-p 00000000 00:00 0 
7e622a1cc000-7e622b7ff000 rw-p 00000000 00:00 0 
7e622b7ff000-7e622b800000 ---p 00000000 00:00 0 
7e622b800000-7e622b804000 ---p 00000000 00:00 0 
7e622b804000-7e622c000000 rw-p 00000000 00:00 0 
7e622c000000-7e622c119000 r--p 00000000 fc:01 8917244                    /usr/lib/x86_64-linux-gnu/dri/iHD_drv_video.so
7e622c119000-7e622c957000 r-xp 00119000 fc:01 8917244                    /usr/lib/x86_64-linux-gnu/dri/iHD_drv_video.so
7e622c957000-7e622e051000 r--p 00957000 fc:01 8917244                    /usr/lib/x86_64-linux-gnu/dri/iHD_drv_video.so
7e622e051000-7e622e0b7000 r--p 02050000 fc:01 8917244                    /usr/lib/x86_64-linux-gnu/dri/iHD_drv_video.so
7e622e0b7000-7e622e26f000 rw-p 020b6000 fc:01 8917244                    /usr/lib/x86_64-linux-gnu/dri/iHD_drv_video.so
7e622e26f000-7e622e278000 rw-p 00000000 00:00 0 
7e622e3fb000-7e622e3fc000 ---p 00000000 00:00 0 
7e622e3fc000-7e622ebfc000 rw-p 00000000 00:00 0 
7e622ebfc000-7e622ebfd000 ---p 00000000 00:00 0 
7e622ebfd000-7e622f3fd000 rw-p 00000000 00:00 0 
7e622f3fd000-7e622f3fe000 ---p 00000000 00:00 0 
7e622f3fe000-7e622fbfe000 rw-p 00000000 00:00 0 
7e622fbfe000-7e622fbff000 ---p 00000000 00:00 0 
7e622fbff000-7e62303ff000 rw-p 00000000 00:00 0 
7e62303ff000-7e6230400000 ---p 00000000 00:00 0 
7e6230400000-7e6230c00000 rw-p 00000000 00:00 0 
7e6230c00000-7e6230c05000 r--p 00000000 00:32 552669803                  /usr/lib/libx264.so.163
7e6230c05000-7e6230d8d000 r-xp 00005000 00:32 552669803                  /usr/lib/libx264.so.163
7e6230d8d000-7e6230dc5000 r--p 0018d000 00:32 552669803                  /usr/lib/libx264.so.163
7e6230dc5000-7e6230dc7000 r--p 001c4000 00:32 552669803                  /usr/lib/libx264.so.163
7e6230dc7000-7e6230dc8000 rw-p 001c6000 00:32 552669803                  /usr/lib/libx264.so.163
7e6230dc8000-7e6230ec1000 rw-p 00000000 00:00 0 
7e6231000000-7e623100b000 r--p 00000000 00:32 244389275                  /usr/lib/libcodec2.so.1.0
7e623100b000-7e6231044000 r-xp 0000b000 00:32 244389275                  /usr/lib/libcodec2.so.1.0
7e6231044000-7e6231120000 r--p 00044000 00:32 244389275                  /usr/lib/libcodec2.so.1.0
7e6231120000-7e6231121000 r--p 0011f000 00:32 244389275                  /usr/lib/libcodec2.so.1.0
7e6231121000-7e6231ea7000 rw-p 00120000 00:32 244389275                  /usr/lib/libcodec2.so.1.0
7e6232000000-7e6232005000 r--p 00000000 00:32 552669591                  /usr/lib/libvpx.so.7
7e6232005000-7e62322b6000 r-xp 00005000 00:32 552669591                  /usr/lib/libvpx.so.7
7e62322b6000-7e6232305000 r--p 002b6000 00:32 552669591                  /usr/lib/libvpx.so.7
7e6232305000-7e6232308000 r--p 00304000 00:32 552669591                  /usr/lib/libvpx.so.7
7e6232308000-7e6232309000 rw-p 00307000 00:32 552669591                  /usr/lib/libvpx.so.7
7e6232309000-7e6232310000 rw-p 00000000 00:00 0 
7e6232400000-7e623241d000 r--p 00000000 fc:01 8915284                    /usr/lib/x86_64-linux-gnu/libgfortran.so.5.0.0
7e623241d000-7e62326f2000 r-xp 0001d000 fc:01 8915284                    /usr/lib/x86_64-linux-gnu/libgfortran.so.5.0.0
7e62326f2000-7e623271b000 r--p 002f2000 fc:01 8915284                    /usr/lib/x86_64-linux-gnu/libgfortran.so.5.0.0
7e623271b000-7e623271c000 r--p 0031a000 fc:01 8915284                    /usr/lib/x86_64-linux-gnu/libgfortran.so.5.0.0
7e623271c000-7e623271e000 rw-p 0031b000 fc:01 8915284                    /usr/lib/x86_64-linux-gnu/libgfortran.so.5.0.0
7e6232800000-7e62328b2000 r--p 00000000 00:32 244389779                  /usr/lib/libcrypto.so.3
7e62328b2000-7e6232b11000 r-xp 000b2000 00:32 244389779                  /usr/lib/libcrypto.so.3
7e6232b11000-7e6232be3000 r--p 00311000 00:32 244389779                  /usr/lib/libcrypto.so.3
7e6232be3000-7e6232c3e000 r--p 003e2000 00:32 244389779                  /usr/lib/libcrypto.so.3
7e6232c3e000-7e6232c41000 rw-p 0043d000 00:32 244389779                  /usr/lib/libcrypto.so.3
7e6232c41000-7e6232c44000 rw-p 00000000 00:00 0 
7e6232e00000-7e6232e11000 r--p 00000000 00:32 244388739                  /usr/lib/libavutil.so.56
7e6232e11000-7e6232e80000 r-xp 00011000 00:32 244388739                  /usr/lib/libavutil.so.56
7e6232e80000-7e6232e9c000 r--p 00080000 00:32 244388739                  /usr/lib/libavutil.so.56
7e6232e9c000-7e6232e9d000 ---p 0009c000 00:32 244388739                  /usr/lib/libavutil.so.56
7e6232e9d000-7e6232ea9000 r--p 0009c000 00:32 244388739                  /usr/lib/libavutil.so.56
7e6232ea9000-7e6232eaa000 rw-p 000a8000 00:32 244388739                  /usr/lib/libavutil.so.56
7e6232eaa000-7e62330b9000 rw-p 00000000 00:00 0 
7e6233200000-7e623327b000 r--p 00000000 00:32 244388135                  /usr/lib/libavcodec.so.58
7e623327b000-7e6233ca9000 r-xp 0007b000 00:32 244388135                  /usr/lib/libavcodec.so.58
7e6233ca9000-7e6233fb8000 r--p 00aa9000 00:32 244388135                  /usr/lib/libavcodec.so.58
7e6233fb8000-7e6233fb9000 ---p 00db8000 00:32 244388135                  /usr/lib/libavcodec.so.58
7e6233fb9000-7e6234004000 r--p 00db8000 00:32 244388135                  /usr/lib/libavcodec.so.58
7e6234004000-7e6234033000 rw-p 00e03000 00:32 244388135                  /usr/lib/libavcodec.so.58
7e6234033000-7e6234608000 rw-p 00000000 00:00 0 
7e6234800000-7e6234820000 r--p 00000000 fc:01 8948002                    /usr/lib/x86_64-linux-gnu/lapack/liblapack.so.3.12.0
7e6234820000-7e6234ec9000 r-xp 00020000 fc:01 8948002                    /usr/lib/x86_64-linux-gnu/lapack/liblapack.so.3.12.0
7e6234ec9000-7e6234eea000 r--p 006c9000 fc:01 8948002                    /usr/lib/x86_64-linux-gnu/lapack/liblapack.so.3.12.0
7e6234eea000-7e6234eee000 r--p 006e9000 fc:01 8948002                    /usr/lib/x86_64-linux-gnu/lapack/liblapack.so.3.12.0
7e6234eee000-7e6234ef0000 rw-p 006ed000 fc:01 8948002                    /usr/lib/x86_64-linux-gnu/lapack/liblapack.so.3.12.0
7e6235000000-7e623504b000 r--p 00000000 00:32 552668139                  /usr/lib/libslang.so.2
7e623504b000-7e62350f0000 r-xp 0004b000 00:32 552668139                  /usr/lib/libslang.so.2
7e62350f0000-7e6235134000 r--p 000f0000 00:32 552668139                  /usr/lib/libslang.so.2
7e6235134000-7e6235138000 r--p 00133000 00:32 552668139                  /usr/lib/libslang.so.2
7e6235138000-7e6235153000 rw-p 00137000 00:32 552668139                  /usr/lib/libslang.so.2
7e6235153000-7e62352f7000 rw-p 00000000 00:00 0 
7e6235400000-7e6235423000 r--p 00000000 fc:01 8945916                    /usr/lib/x86_64-linux-gnu/libfftw3.so.3.6.10
7e6235423000-7e62355e9000 r-xp 00023000 fc:01 8945916                    /usr/lib/x86_64-linux-gnu/libfftw3.so.3.6.10
7e62355e9000-7e6235611000 r--p 001e9000 fc:01 8945916                    /usr/lib/x86_64-linux-gnu/libfftw3.so.3.6.10
7e6235611000-7e6235622000 r--p 00210000 fc:01 8945916                    /usr/lib/x86_64-linux-gnu/libfftw3.so.3.6.10
7e6235622000-7e6235623000 rw-p 00221000 fc:01 8945916                    /usr/lib/x86_64-linux-gnu/libfftw3.so.3.6.10
7e6235800000-7e62358fa000 r--p 00000000 fc:01 8945954                    /usr/lib/x86_64-linux-gnu/libflite_cmu_us_slt.so.2.2
7e62358fa000-7e62358fb000 r-xp 000fa000 fc:01 8945954                    /usr/lib/x86_64-linux-gnu/libflite_cmu_us_slt.so.2.2
7e62358fb000-7e6235b6b000 r--p 000fb000 fc:01 8945954                    /usr/lib/x86_64-linux-gnu/libflite_cmu_us_slt.so.2.2
7e6235b6b000-7e6235bf6000 r--p 0036b000 fc:01 8945954                    /usr/lib/x86_64-linux-gnu/libflite_cmu_us_slt.so.2.2
7e6235bf6000-7e6235bf7000 rw-p 003f6000 fc:01 8945954                    /usr/lib/x86_64-linux-gnu/libflite_cmu_us_slt.so.2.2
7e6235c00000-7e6235d1d000 r--p 00000000 fc:01 8945952                    /usr/lib/x86_64-linux-gnu/libflite_cmu_us_rms.so.2.2
7e6235d1d000-7e6235d1e000 r-xp 0011d000 fc:01 8945952                    /usr/lib/x86_64-linux-gnu/libflite_cmu_us_rms.so.2.2
7e6235d1e000-7e6235ffa000 r--p 0011e000 fc:01 8945952                    /usr/lib/x86_64-linux-gnu/libflite_cmu_us_rms.so.2.2
7e6235ffa000-7e6236098000 r--p 003fa000 fc:01 8945952                    /usr/lib/x86_64-linux-gnu/libflite_cmu_us_rms.so.2.2
7e6236098000-7e6236099000 rw-p 00498000 fc:01 8945952                    /usr/lib/x86_64-linux-gnu/libflite_cmu_us_rms.so.2.2
7e6236200000-7e623620b000 r--p 00000000 fc:01 8945950                    /usr/lib/x86_64-linux-gnu/libflite_cmu_us_kal16.so.2.2
7e623620b000-7e623620c000 r-xp 0000b000 fc:01 8945950                    /usr/lib/x86_64-linux-gnu/libflite_cmu_us_kal16.so.2.2
7e623620c000-7e62365d1000 r--p 0000c000 fc:01 8945950                    /usr/lib/x86_64-linux-gnu/libflite_cmu_us_kal16.so.2.2
7e62365d1000-7e62365d8000 r--p 003d1000 fc:01 8945950                    /usr/lib/x86_64-linux-gnu/libflite_cmu_us_kal16.so.2.2
7e62365d8000-7e62365d9000 rw-p 003d8000 fc:01 8945950                    /usr/lib/x86_64-linux-gnu/libflite_cmu_us_kal16.so.2.2
7e6236600000-7e62366fa000 r--p 00000000 fc:01 8945946                    /usr/lib/x86_64-linux-gnu/libflite_cmu_us_awb.so.2.2
7e62366fa000-7e62366fb000 r-xp 000fa000 fc:01 8945946                    /usr/lib/x86_64-linux-gnu/libflite_cmu_us_awb.so.2.2
7e62366fb000-7e623696a000 r--p 000fb000 fc:01 8945946                    /usr/lib/x86_64-linux-gnu/libflite_cmu_us_awb.so.2.2
7e623696a000-7e62369f5000 r--p 00369000 fc:01 8945946                    /usr/lib/x86_64-linux-gnu/libflite_cmu_us_awb.so.2.2
7e62369f5000-7e62369f6000 rw-p 003f4000 fc:01 8945946                    /usr/lib/x86_64-linux-gnu/libflite_cmu_us_awb.so.2.2
7e6236a00000-7e6236a3c000 r--p 00000000 00:32 552669895                  /usr/lib/libx265.so.199
7e6236a3c000-7e62378d4000 r-xp 0003c000 00:32 552669895                  /usr/lib/libx265.so.199
7e62378d4000-7e623794f000 r--p 00ed4000 00:32 552669895                  /usr/lib/libx265.so.199
7e623794f000-7e6237952000 r--p 00f4e000 00:32 552669895                  /usr/lib/libx265.so.199
7e6237952000-7e6237955000 rw-p 00f51000 00:32 552669895                  /usr/lib/libx265.so.199
7e6237955000-7e6237965000 rw-p 00000000 00:00 0 
7e6237a00000-7e6237a05000 r--p 00000000 fc:01 8947120                    /usr/lib/x86_64-linux-gnu/libx264.so.164
7e6237a05000-7e6237b91000 r-xp 00005000 fc:01 8947120                    /usr/lib/x86_64-linux-gnu/libx264.so.164
7e6237b91000-7e6237bc9000 r--p 00191000 fc:01 8947120                    /usr/lib/x86_64-linux-gnu/libx264.so.164
7e6237bc9000-7e6237bcb000 r--p 001c9000 fc:01 8947120                    /usr/lib/x86_64-linux-gnu/libx264.so.164
7e6237bcb000-7e6237bcc000 rw-p 001cb000 fc:01 8947120                    /usr/lib/x86_64-linux-gnu/libx264.so.164
7e6237bcc000-7e6237cc5000 rw-p 00000000 00:00 0 
7e6237e00000-7e6237e1d000 r--p 00000000 fc:01 8945284                    /usr/lib/x86_64-linux-gnu/libSvtAv1Enc.so.1.7.0
7e6237e1d000-7e62383d5000 r-xp 0001d000 fc:01 8945284                    /usr/lib/x86_64-linux-gnu/libSvtAv1Enc.so.1.7.0
7e62383d5000-7e62384cb000 r--p 005d5000 fc:01 8945284                    /usr/lib/x86_64-linux-gnu/libSvtAv1Enc.so.1.7.0
7e62384cb000-7e62384d5000 r--p 006cb000 fc:01 8945284                    /usr/lib/x86_64-linux-gnu/libSvtAv1Enc.so.1.7.0
7e62384d5000-7e62384db000 rw-p 006d5000 fc:01 8945284                    /usr/lib/x86_64-linux-gnu/libSvtAv1Enc.so.1.7.0
7e62384db000-7e6238622000 rw-p 00000000 00:00 0 
7e6238800000-7e623880a000 r-xp 00000000 00:32 552668031                  /usr/lib/libshine.so.3
7e623880a000-7e6238a09000 ---p 0000a000 00:32 552668031                  /usr/lib/libshine.so.3
7e6238a09000-7e6238a0a000 r--p 00009000 00:32 552668031                  /usr/lib/libshine.so.3
7e6238a0a000-7e6238a0b000 rw-p 0000a000 00:32 552668031                  /usr/lib/libshine.so.3
7e6238c00000-7e6238c26000 r--p 00000000 fc:01 8946735                    /usr/lib/x86_64-linux-gnu/librav1e.so.0.7.1
7e6238c26000-7e6238e8f000 r-xp 00026000 fc:01 8946735                    /usr/lib/x86_64-linux-gnu/librav1e.so.0.7.1
7e6238e8f000-7e6238eff000 r--p 0028f000 fc:01 8946735                    /usr/lib/x86_64-linux-gnu/librav1e.so.0.7.1
7e6238eff000-7e6238f22000 r--p 002ff000 fc:01 8946735                    /usr/lib/x86_64-linux-gnu/librav1e.so.0.7.1
7e6238f22000-7e6238f23000 rw-p 00322000 fc:01 8946735                    /usr/lib/x86_64-linux-gnu/librav1e.so.0.7.1
7e6239000000-7e6239017000 r--p 00000000 fc:01 8913361                    /usr/lib/x86_64-linux-gnu/libjxl.so.0.7.0
7e6239017000-7e6239312000 r-xp 00017000 fc:01 8913361                    /usr/lib/x86_64-linux-gnu/libjxl.so.0.7.0
7e6239312000-7e623936f000 r--p 00312000 fc:01 8913361                    /usr/lib/x86_64-linux-gnu/libjxl.so.0.7.0
7e623936f000-7e6239378000 r--p 0036e000 fc:01 8913361                    /usr/lib/x86_64-linux-gnu/libjxl.so.0.7.0
7e6239378000-7e6239379000 rw-p 00377000 fc:01 8913361                    /usr/lib/x86_64-linux-gnu/libjxl.so.0.7.0
7e6239379000-7e623937b000 rw-p 00000000 00:00 0 
7e6239400000-7e623940b000 r--p 00000000 fc:01 8945708                    /usr/lib/x86_64-linux-gnu/libcodec2.so.1.2
7e623940b000-7e6239445000 r-xp 0000b000 fc:01 8945708                    /usr/lib/x86_64-linux-gnu/libcodec2.so.1.2
7e6239445000-7e6239521000 r--p 00045000 fc:01 8945708                    /usr/lib/x86_64-linux-gnu/libcodec2.so.1.2
7e6239521000-7e6239522000 r--p 00120000 fc:01 8945708                    /usr/lib/x86_64-linux-gnu/libcodec2.so.1.2
7e6239522000-7e623a410000 rw-p 00121000 fc:01 8945708                    /usr/lib/x86_64-linux-gnu/libcodec2.so.1.2
7e623a600000-7e623a614000 r--p 00000000 00:32 244387559                  /usr/lib/libaom.so.3
7e623a614000-7e623aa1b000 r-xp 00014000 00:32 244387559                  /usr/lib/libaom.so.3
7e623aa1b000-7e623ab10000 r--p 0041b000 00:32 244387559                  /usr/lib/libaom.so.3
7e623ab10000-7e623ab11000 ---p 00510000 00:32 244387559                  /usr/lib/libaom.so.3
7e623ab11000-7e623ab20000 r--p 00510000 00:32 244387559                  /usr/lib/libaom.so.3
7e623ab20000-7e623ab24000 rw-p 0051f000 00:32 244387559                  /usr/lib/libaom.so.3
7e623ab24000-7e623ab71000 rw-p 00000000 00:00 0 
7e623ac00000-7e623ad1e000 r--p 00000000 00:32 552667495                  /usr/lib/librsvg-2.so.2
7e623ad1e000-7e623b2a1000 r-xp 0011e000 00:32 552667495                  /usr/lib/librsvg-2.so.2
7e623b2a1000-7e623b597000 r--p 006a1000 00:32 552667495                  /usr/lib/librsvg-2.so.2
7e623b597000-7e623b666000 r--p 00996000 00:32 552667495                  /usr/lib/librsvg-2.so.2
7e623b666000-7e623b668000 rw-p 00a65000 00:32 552667495                  /usr/lib/librsvg-2.so.2
7e623b800000-7e623b867000 r--p 00000000 fc:01 8946650                    /usr/lib/x86_64-linux-gnu/libplacebo.so.338
7e623b867000-7e623bec6000 r-xp 00067000 fc:01 8946650                    /usr/lib/x86_64-linux-gnu/libplacebo.so.338
7e623bec6000-7e623c002000 r--p 006c6000 fc:01 8946650                    /usr/lib/x86_64-linux-gnu/libplacebo.so.338
7e623c002000-7e623c065000 r--p 00801000 fc:01 8946650                    /usr/lib/x86_64-linux-gnu/libplacebo.so.338
7e623c065000-7e623c06c000 rw-p 00864000 fc:01 8946650                    /usr/lib/x86_64-linux-gnu/libplacebo.so.338
7e623c06c000-7e623c07d000 rw-p 00000000 00:00 0 
7e623c200000-7e623c219000 r--p 00000000 fc:01 8945556                    /usr/lib/x86_64-linux-gnu/libavutil.so.58.29.100
7e623c219000-7e623c2cc000 r-xp 00019000 fc:01 8945556                    /usr/lib/x86_64-linux-gnu/libavutil.so.58.29.100
7e623c2cc000-7e623c2f5000 r--p 000cc000 fc:01 8945556                    /usr/lib/x86_64-linux-gnu/libavutil.so.58.29.100
7e623c2f5000-7e623c30a000 r--p 000f4000 fc:01 8945556                    /usr/lib/x86_64-linux-gnu/libavutil.so.58.29.100
7e623c30a000-7e623c30b000 rw-p 00109000 fc:01 8945556                    /usr/lib/x86_64-linux-gnu/libavutil.so.58.29.100
7e623c30b000-7e623d31a000 rw-p 00000000 00:00 0 
7e623d38f000-7e623d39b000 rw-s 10dbdd000 00:0f 1059                      anon_inode:i915.gem
7e623d39b000-7e623d3a7000 rw-s 10dbd1000 00:0f 1059                      anon_inode:i915.gem
7e623d3a7000-7e623d3b3000 rw-s 10dbc5000 00:0f 1059                      anon_inode:i915.gem
7e623d3b3000-7e623d3bf000 rw-s 10dbb9000 00:0f 1059                      anon_inode:i915.gem
7e623d77f000-7e623d83f000 rw-s 10e341000 00:0f 1059                      anon_inode:i915.gem
7e623d83f000-7e623d8ff000 rw-s 10e281000 00:0f 1059                      anon_inode:i915.gem
7e623d8ff000-7e623d97f000 rw-s 10e201000 00:0f 1059                      anon_inode:i915.gem
7e623d97f000-7e623d9ff000 rw-s 106ef7000 00:0f 1059                      anon_inode:i915.gem
7e623d9ff000-7e623da00000 ---p 00000000 00:00 0 
7e623da00000-7e623e200000 rw-p 00000000 00:00 0 
7e623e200000-7e623e2f1000 r--p 00000000 fc:01 8945552                    /usr/lib/x86_64-linux-gnu/libavfilter.so.9.12.100
7e623e2f1000-7e623ec1a000 r-xp 000f1000 fc:01 8945552                    /usr/lib/x86_64-linux-gnu/libavfilter.so.9.12.100
7e623ec1a000-7e623ee03000 r--p 00a1a000 fc:01 8945552                    /usr/lib/x86_64-linux-gnu/libavfilter.so.9.12.100
7e623ee03000-7e623eeeb000 r--p 00c02000 fc:01 8945552                    /usr/lib/x86_64-linux-gnu/libavfilter.so.9.12.100
7e623eeeb000-7e623eeed000 rw-p 00cea000 fc:01 8945552                    /usr/lib/x86_64-linux-gnu/libavfilter.so.9.12.100
7e623eeed000-7e623ef02000 rw-p 00000000 00:00 0 
7e623ef04000-7e623ef10000 rw-s 10dbad000 00:0f 1059                      anon_inode:i915.gem
7e623ef10000-7e623ef1c000 rw-s 10dba1000 00:0f 1059                      anon_inode:i915.gem
7e623ef1c000-7e623ef28000 rw-s 107e67000 00:0f 1059                      anon_inode:i915.gem
7e623ef28000-7e623ef34000 rw-s 107e5b000 00:0f 1059                      anon_inode:i915.gem
7e623ef34000-7e623ef40000 rw-s 107e4f000 00:0f 1059                      anon_inode:i915.gem
7e623f000000-7e623f084000 r--p 00000000 fc:01 8913221                    /usr/lib/x86_64-linux-gnu/libavcodec.so.60.31.102
7e623f084000-7e623fb2e000 r-xp 00084000 fc:01 8913221                    /usr/lib/x86_64-linux-gnu/libavcodec.so.60.31.102
7e623fb2e000-7e623ff4f000 r--p 00b2e000 fc:01 8913221                    /usr/lib/x86_64-linux-gnu/libavcodec.so.60.31.102
7e623ff4f000-7e623ffcb000 r--p 00f4e000 fc:01 8913221                    /usr/lib/x86_64-linux-gnu/libavcodec.so.60.31.102
7e623ffcb000-7e623ffcd000 rw-p 00fca000 fc:01 8913221                    /usr/lib/x86_64-linux-gnu/libavcodec.so.60.31.102
7e623ffcd000-7e6240522000 rw-p 00000000 00:00 0 
7e6240524000-7e624052d000 rw-s 00000000 00:01 174615                     /memfd:pipewire-memfd:flags=0x0000000f,type=2,size=32832 (deleted)
7e624052d000-7e6240539000 rw-s 107e43000 00:0f 1059                      anon_inode:i915.gem
7e6240539000-7e6240545000 rw-s 107e37000 00:0f 1059                      anon_inode:i915.gem
7e6240545000-7e6240551000 rw-s 106524000 00:0f 1059                      anon_inode:i915.gem
7e6240551000-7e624055d000 rw-s 106518000 00:0f 1059                      anon_inode:i915.gem
7e624055d000-7e6240569000 rw-s 10650c000 00:0f 1059                      anon_inode:i915.gem
7e6240569000-7e624056b000 r--p 00000000 00:32 552666943                  /usr/lib/libpcre2-8.so.0
7e624056b000-7e62405d6000 r-xp 00002000 00:32 552666943                  /usr/lib/libpcre2-8.so.0
7e62405d6000-7e62405fe000 r--p 0006d000 00:32 552666943                  /usr/lib/libpcre2-8.so.0
7e62405fe000-7e62405ff000 r--p 00094000 00:32 552666943                  /usr/lib/libpcre2-8.so.0
7e62405ff000-7e6240600000 rw-p 00095000 00:32 552666943                  /usr/lib/libpcre2-8.so.0
7e6240600000-7e624104a000 r--p 00000000 fc:01 9057305                    /usr/share/fonts/truetype/noto/NotoColorEmoji.ttf
7e624104a000-7e6241056000 rw-s 106500000 00:0f 1059                      anon_inode:i915.gem
7e6241056000-7e6241062000 rw-s 1042ca000 00:0f 1059                      anon_inode:i915.gem
7e6241062000-7e624106e000 rw-s 1042be000 00:0f 1059                      anon_inode:i915.gem
7e624106e000-7e624107a000 rw-s 1042b2000 00:0f 1059                      anon_inode:i915.gem
7e624107a000-7e624107c000 r--p 00000000 00:32 244389979                  /usr/lib/libdav1d.so.5
7e624107c000-7e6241191000 r-xp 00002000 00:32 244389979                  /usr/lib/libdav1d.so.5
7e6241191000-7e62411ba000 r--p 00117000 00:32 244389979                  /usr/lib/libdav1d.so.5
7e62411ba000-7e62411bb000 ---p 00140000 00:32 244389979                  /usr/lib/libdav1d.so.5
7e62411bb000-7e62411bc000 r--p 00140000 00:32 244389979                  /usr/lib/libdav1d.so.5
7e62411bc000-7e62411bd000 rw-p 00141000 00:32 244389979                  /usr/lib/libdav1d.so.5
7e62411bd000-7e6241200000 rw-p 00000000 00:00 0 
7e6241402000-7e6241413000 r--p 00000000 fc:01 9045372                    /usr/lib/x86_64-linux-gnu/spa-0.2/audioconvert/libspa-audioconvert.so
7e6241413000-7e624145b000 r-xp 00011000 fc:01 9045372                    /usr/lib/x86_64-linux-gnu/spa-0.2/audioconvert/libspa-audioconvert.so
7e624145b000-7e624146f000 r--p 00059000 fc:01 9045372                    /usr/lib/x86_64-linux-gnu/spa-0.2/audioconvert/libspa-audioconvert.so
7e624146f000-7e624147d000 r--p 0006c000 fc:01 9045372                    /usr/lib/x86_64-linux-gnu/spa-0.2/audioconvert/libspa-audioconvert.so
7e624147d000-7e624147f000 rw-p 0007a000 fc:01 9045372                    /usr/lib/x86_64-linux-gnu/spa-0.2/audioconvert/libspa-audioconvert.so
7e624147f000-7e6241486000 r--p 00000000 00:32 244388795                  /usr/lib/libblkid.so.1
7e6241486000-7e62414a6000 r-xp 00007000 00:32 244388795                  /usr/lib/libblkid.so.1
7e62414a6000-7e62414af000 r--p 00027000 00:32 244388795                  /usr/lib/libblkid.so.1
7e62414af000-7e62414b0000 ---p 00030000 00:32 244388795                  /usr/lib/libblkid.so.1
7e62414b0000-7e62414b5000 r--p 00030000 00:32 244388795                  /usr/lib/libblkid.so.1
7e62414b5000-7e62414b6000 rw-p 00035000 00:32 244388795                  /usr/lib/libblkid.so.1
7e62414b6000-7e62414d7000 r--p 00000000 00:32 552665603                  /usr/lib/libkrb5.so.3
7e62414d7000-7e6241534000 r-xp 00021000 00:32 552665603                  /usr/lib/libkrb5.so.3
7e6241534000-7e6241571000 r--p 0007e000 00:32 552665603                  /usr/lib/libkrb5.so.3
7e6241571000-7e6241572000 ---p 000bb000 00:32 552665603                  /usr/lib/libkrb5.so.3
7e6241572000-7e624157f000 r--p 000bb000 00:32 552665603                  /usr/lib/libkrb5.so.3
7e624157f000-7e6241581000 rw-p 000c8000 00:32 552665603                  /usr/lib/libkrb5.so.3
7e6241581000-7e6241588000 r--p 00000000 00:32 552668247                  /usr/lib/libsndfile.so.1
7e6241588000-7e62415de000 r-xp 00007000 00:32 552668247                  /usr/lib/libsndfile.so.1
7e62415de000-7e62415fa000 r--p 0005d000 00:32 552668247                  /usr/lib/libsndfile.so.1
7e62415fa000-7e62415fd000 r--p 00078000 00:32 552668247                  /usr/lib/libsndfile.so.1
7e62415fd000-7e62415fe000 rw-p 0007b000 00:32 552668247                  /usr/lib/libsndfile.so.1
7e62415fe000-7e6241600000 rw-p 00000000 00:00 0 
7e6241600000-7e6241611000 r-xp 00000000 00:32 244387935                  /usr/lib/libaribb24.so.0
7e6241611000-7e6241810000 ---p 00011000 00:32 244387935                  /usr/lib/libaribb24.so.0
7e6241810000-7e6241811000 r--p 00010000 00:32 244387935                  /usr/lib/libaribb24.so.0
7e6241811000-7e6241812000 rw-p 00011000 00:32 244387935                  /usr/lib/libaribb24.so.0
7e6241815000-7e6241821000 rw-s 1042a6000 00:0f 1059                      anon_inode:i915.gem
7e6241821000-7e624182d000 rw-s 106f9b000 00:0f 1059                      anon_inode:i915.gem
7e624182d000-7e6241830000 r--p 00000000 fc:01 8944577                    /usr/lib/x86_64-linux-gnu/libresolv.so.2
7e6241830000-7e6241839000 r-xp 00003000 fc:01 8944577                    /usr/lib/x86_64-linux-gnu/libresolv.so.2
7e6241839000-7e624183b000 r--p 0000c000 fc:01 8944577                    /usr/lib/x86_64-linux-gnu/libresolv.so.2
7e624183b000-7e624183c000 r--p 0000e000 fc:01 8944577                    /usr/lib/x86_64-linux-gnu/libresolv.so.2
7e624183c000-7e624183d000 rw-p 0000f000 fc:01 8944577                    /usr/lib/x86_64-linux-gnu/libresolv.so.2
7e624183d000-7e624183f000 rw-p 00000000 00:00 0 
7e624183f000-7e6241847000 r--p 00000000 00:32 244387183                  /usr/lib/libFLAC.so.8
7e6241847000-7e6241870000 r-xp 00008000 00:32 244387183                  /usr/lib/libFLAC.so.8
7e6241870000-7e6241879000 r--p 00031000 00:32 244387183                  /usr/lib/libFLAC.so.8
7e6241879000-7e624187a000 r--p 00039000 00:32 244387183                  /usr/lib/libFLAC.so.8
7e624187a000-7e624187b000 rw-p 0003a000 00:32 244387183                  /usr/lib/libFLAC.so.8
7e624187b000-7e624188c000 r--p 00000000 fc:01 8946401                    /usr/lib/x86_64-linux-gnu/libmbedcrypto.so.2.28.8
7e624188c000-7e62418d5000 r-xp 00011000 fc:01 8946401                    /usr/lib/x86_64-linux-gnu/libmbedcrypto.so.2.28.8
7e62418d5000-7e62418ef000 r--p 0005a000 fc:01 8946401                    /usr/lib/x86_64-linux-gnu/libmbedcrypto.so.2.28.8
7e62418ef000-7e62418f3000 r--p 00073000 fc:01 8946401                    /usr/lib/x86_64-linux-gnu/libmbedcrypto.so.2.28.8
7e62418f3000-7e62418f4000 rw-p 00077000 fc:01 8946401                    /usr/lib/x86_64-linux-gnu/libmbedcrypto.so.2.28.8
7e62418f4000-7e6241900000 rw-p 00000000 00:00 0 
7e6241a04000-7e6241a08000 r--p 00000000 00:32 552669231                  /usr/lib/libudev.so.1
7e6241a08000-7e6241a22000 r-xp 00004000 00:32 552669231                  /usr/lib/libudev.so.1
7e6241a22000-7e6241a2b000 r--p 0001e000 00:32 552669231                  /usr/lib/libudev.so.1
7e6241a2b000-7e6241a2c000 ---p 00027000 00:32 552669231                  /usr/lib/libudev.so.1
7e6241a2c000-7e6241a2d000 r--p 00027000 00:32 552669231                  /usr/lib/libudev.so.1
7e6241a2d000-7e6241a2e000 rw-p 00028000 00:32 552669231                  /usr/lib/libudev.so.1
7e6241a2e000-7e6241a4c000 r--p 00000000 00:32 552668659                  /usr/lib/libssl.so.3
7e6241a4c000-7e6241aa7000 r-xp 0001e000 00:32 552668659                  /usr/lib/libssl.so.3
7e6241aa7000-7e6241ac4000 r--p 00079000 00:32 552668659                  /usr/lib/libssl.so.3
7e6241ac4000-7e6241ace000 r--p 00095000 00:32 552668659                  /usr/lib/libssl.so.3
7e6241ace000-7e6241ad2000 rw-p 0009f000 00:32 552668659                  /usr/lib/libssl.so.3
7e6241ad2000-7e6241adc000 r--p 00000000 fc:01 8918392                    /usr/lib/x86_64-linux-gnu/libgmp.so.10.5.0
7e6241adc000-7e6241b3f000 r-xp 0000a000 fc:01 8918392                    /usr/lib/x86_64-linux-gnu/libgmp.so.10.5.0
7e6241b3f000-7e6241b54000 r--p 0006d000 fc:01 8918392                    /usr/lib/x86_64-linux-gnu/libgmp.so.10.5.0
7e6241b54000-7e6241b55000 r--p 00081000 fc:01 8918392                    /usr/lib/x86_64-linux-gnu/libgmp.so.10.5.0
7e6241b55000-7e6241b56000 rw-p 00082000 fc:01 8918392                    /usr/lib/x86_64-linux-gnu/libgmp.so.10.5.0
7e6241b56000-7e6241b67000 r--p 00000000 00:32 552669303                  /usr/lib/libunistring.so.2
7e6241b67000-7e6241b9d000 r-xp 00011000 00:32 552669303                  /usr/lib/libunistring.so.2
7e6241b9d000-7e6241cfb000 r--p 00047000 00:32 552669303                  /usr/lib/libunistring.so.2
7e6241cfb000-7e6241cff000 r--p 001a5000 00:32 552669303                  /usr/lib/libunistring.so.2
7e6241cff000-7e6241d00000 rw-p 001a9000 00:32 552669303                  /usr/lib/libunistring.so.2
7e6241e03000-7e6241e06000 r--p 00000000 00:32 552668715                  /usr/lib/libswresample.so.3
7e6241e06000-7e6241e1c000 r-xp 00003000 00:32 552668715                  /usr/lib/libswresample.so.3
7e6241e1c000-7e6241e21000 r--p 00019000 00:32 552668715                  /usr/lib/libswresample.so.3
7e6241e21000-7e6241e22000 ---p 0001e000 00:32 552668715                  /usr/lib/libswresample.so.3
7e6241e22000-7e6241e24000 r--p 0001e000 00:32 552668715                  /usr/lib/libswresample.so.3
7e6241e24000-7e6241e25000 rw-p 00020000 00:32 552668715                  /usr/lib/libswresample.so.3
7e6241e25000-7e6241e5d000 r--p 00000000 00:32 244390551                  /usr/lib/libgio-2.0.so.0
7e6241e5d000-7e6241f6f000 r-xp 00038000 00:32 244390551                  /usr/lib/libgio-2.0.so.0
7e6241f6f000-7e6241ff5000 r--p 0014a000 00:32 244390551                  /usr/lib/libgio-2.0.so.0
7e6241ff5000-7e6241ffd000 r--p 001cf000 00:32 244390551                  /usr/lib/libgio-2.0.so.0
7e6241ffd000-7e6241ffe000 rw-p 001d7000 00:32 244390551                  /usr/lib/libgio-2.0.so.0
7e6241ffe000-7e6242000000 rw-p 00000000 00:00 0 
7e6242000000-7e6242006000 r--p 00000000 fc:01 8914444                    /usr/lib/x86_64-linux-gnu/libvpx.so.9.0.0
7e6242006000-7e62422fc000 r-xp 00006000 fc:01 8914444                    /usr/lib/x86_64-linux-gnu/libvpx.so.9.0.0
7e62422fc000-7e624233c000 r--p 002fc000 fc:01 8914444                    /usr/lib/x86_64-linux-gnu/libvpx.so.9.0.0
7e624233c000-7e624233f000 r--p 0033c000 fc:01 8914444                    /usr/lib/x86_64-linux-gnu/libvpx.so.9.0.0
7e624233f000-7e6242340000 rw-p 0033f000 fc:01 8914444                    /usr/lib/x86_64-linux-gnu/libvpx.so.9.0.0
7e6242340000-7e6242347000 rw-p 00000000 00:00 0 
7e624234e000-7e6242351000 r--p 00000000 00:32 552665963                  /usr/lib/libmfx.so.1
7e6242351000-7e6242357000 r-xp 00003000 00:32 552665963                  /usr/lib/libmfx.so.1
7e6242357000-7e624235a000 r--p 00009000 00:32 552665963                  /usr/lib/libmfx.so.1
7e624235a000-7e624235b000 r--p 0000b000 00:32 552665963                  /usr/lib/libmfx.so.1
7e624235b000-7e624235c000 rw-p 0000c000 00:32 552665963                  /usr/lib/libmfx.so.1
7e624235c000-7e624235f000 r--p 00000000 00:32 552665663                  /usr/lib/libkrb5support.so.0
7e624235f000-7e6242365000 r-xp 00003000 00:32 552665663                  /usr/lib/libkrb5support.so.0
7e6242365000-7e6242367000 r--p 00009000 00:32 552665663                  /usr/lib/libkrb5support.so.0
7e6242367000-7e6242368000 ---p 0000b000 00:32 552665663                  /usr/lib/libkrb5support.so.0
7e6242368000-7e6242369000 r--p 0000b000 00:32 552665663                  /usr/lib/libkrb5support.so.0
7e6242369000-7e624236a000 rw-p 0000c000 00:32 552665663                  /usr/lib/libkrb5support.so.0
7e624236a000-7e624236e000 r--p 00000000 00:32 552665499                  /usr/lib/libk5crypto.so.3
7e624236e000-7e6242389000 r-xp 00004000 00:32 552665499                  /usr/lib/libk5crypto.so.3
7e6242389000-7e6242395000 r--p 0001f000 00:32 552665499                  /usr/lib/libk5crypto.so.3
7e6242395000-7e6242396000 ---p 0002b000 00:32 552665499                  /usr/lib/libk5crypto.so.3
7e6242396000-7e6242397000 r--p 0002b000 00:32 552665499                  /usr/lib/libk5crypto.so.3
7e6242397000-7e6242398000 rw-p 0002c000 00:32 552665499                  /usr/lib/libk5crypto.so.3
7e6242398000-7e6242399000 rw-p 00000000 00:00 0 
7e6242399000-7e624239f000 r--p 00000000 00:32 552667991                  /usr/lib/libselinux.so.1
7e624239f000-7e62423b9000 r-xp 00006000 00:32 552667991                  /usr/lib/libselinux.so.1
7e62423b9000-7e62423c0000 r--p 00020000 00:32 552667991                  /usr/lib/libselinux.so.1
7e62423c0000-7e62423c1000 ---p 00027000 00:32 552667991                  /usr/lib/libselinux.so.1
7e62423c1000-7e62423c2000 r--p 00027000 00:32 552667991                  /usr/lib/libselinux.so.1
7e62423c2000-7e62423c3000 rw-p 00028000 00:32 552667991                  /usr/lib/libselinux.so.1
7e62423c3000-7e62423c5000 rw-p 00000000 00:00 0 
7e62423c5000-7e62423ee000 r--p 00000000 00:32 552666711                  /usr/lib/libp11-kit.so.0
7e62423ee000-7e6242492000 r-xp 00029000 00:32 552666711                  /usr/lib/libp11-kit.so.0
7e6242492000-7e62424ec000 r--p 000cd000 00:32 552666711                  /usr/lib/libp11-kit.so.0
7e62424ec000-7e62424f6000 r--p 00126000 00:32 552666711                  /usr/lib/libp11-kit.so.0
7e62424f6000-7e6242500000 rw-p 00130000 00:32 552666711                  /usr/lib/libp11-kit.so.0
7e6242601000-7e624260d000 rw-s 106f8f000 00:0f 1059                      anon_inode:i915.gem
7e624260d000-7e624260f000 r--p 00000000 00:32 552668959                  /usr/lib/libthai.so.0
7e624260f000-7e6242613000 r-xp 00002000 00:32 552668959                  /usr/lib/libthai.so.0
7e6242613000-7e6242616000 r--p 00006000 00:32 552668959                  /usr/lib/libthai.so.0
7e6242616000-7e6242617000 r--p 00008000 00:32 552668959                  /usr/lib/libthai.so.0
7e6242617000-7e6242618000 rw-p 00009000 00:32 552668959                  /usr/lib/libthai.so.0
7e6242618000-7e6242620000 r--p 00000000 00:32 552665995                  /usr/lib/libmount.so.1
7e6242620000-7e624264c000 r-xp 00008000 00:32 552665995                  /usr/lib/libmount.so.1
7e624264c000-7e6242659000 r--p 00034000 00:32 552665995                  /usr/lib/libmount.so.1
7e6242659000-7e624265a000 ---p 00041000 00:32 552665995                  /usr/lib/libmount.so.1
7e624265a000-7e624265b000 r--p 00041000 00:32 552665995                  /usr/lib/libmount.so.1
7e624265b000-7e624265c000 rw-p 00042000 00:32 552665995                  /usr/lib/libmount.so.1
7e624265c000-7e6242664000 r--p 00000000 00:32 244391091                  /usr/lib/libhogweed.so.6
7e6242664000-7e6242677000 r-xp 00008000 00:32 244391091                  /usr/lib/libhogweed.so.6
7e6242677000-7e62426a1000 r--p 0001b000 00:32 244391091                  /usr/lib/libhogweed.so.6
7e62426a1000-7e62426a2000 ---p 00045000 00:32 244391091                  /usr/lib/libhogweed.so.6
7e62426a2000-7e62426a3000 r--p 00045000 00:32 244391091                  /usr/lib/libhogweed.so.6
7e62426a3000-7e62426a4000 rw-p 00046000 00:32 244391091                  /usr/lib/libhogweed.so.6
7e62426a4000-7e62426a9000 r--p 00000000 00:32 552666147                  /usr/lib/libmpg123.so.0
7e62426a9000-7e62426e3000 r-xp 00005000 00:32 552666147                  /usr/lib/libmpg123.so.0
7e62426e3000-7e62426fe000 r--p 0003f000 00:32 552666147                  /usr/lib/libmpg123.so.0
7e62426fe000-7e62426ff000 r--p 00059000 00:32 552666147                  /usr/lib/libmpg123.so.0
7e62426ff000-7e6242700000 rw-p 0005a000 00:32 552666147                  /usr/lib/libmpg123.so.0
7e6242901000-7e624290a000 rw-s 00000000 00:01 174614                     /memfd:pipewire-memfd:flags=0x0000000f,type=2,size=32832 (deleted)
7e624290a000-7e6242911000 r--p 00000000 00:32 552666863                  /usr/lib/libpangoft2-1.0.so.0
7e6242911000-7e624291e000 r-xp 00007000 00:32 552666863                  /usr/lib/libpangoft2-1.0.so.0
7e624291e000-7e6242922000 r--p 00014000 00:32 552666863                  /usr/lib/libpangoft2-1.0.so.0
7e6242922000-7e6242923000 ---p 00018000 00:32 552666863                  /usr/lib/libpangoft2-1.0.so.0
7e6242923000-7e6242924000 r--p 00018000 00:32 552666863                  /usr/lib/libpangoft2-1.0.so.0
7e6242924000-7e6242925000 rw-p 00019000 00:32 552666863                  /usr/lib/libpangoft2-1.0.so.0
7e6242925000-7e624292f000 r--p 00000000 00:32 552666399                  /usr/lib/libnorm.so.1
7e624292f000-7e6242975000 r-xp 0000a000 00:32 552666399                  /usr/lib/libnorm.so.1
7e6242975000-7e624299b000 r--p 00050000 00:32 552666399                  /usr/lib/libnorm.so.1
7e624299b000-7e624299c000 ---p 00076000 00:32 552666399                  /usr/lib/libnorm.so.1
7e624299c000-7e624299f000 r--p 00076000 00:32 552666399                  /usr/lib/libnorm.so.1
7e624299f000-7e62429a0000 rw-p 00079000 00:32 552666399                  /usr/lib/libnorm.so.1
7e62429a0000-7e6242a50000 rw-p 00000000 00:00 0 
7e6242a50000-7e6242a72000 r--p 00000000 fc:01 8945760                    /usr/lib/x86_64-linux-gnu/libdb-5.3.so
7e6242a72000-7e6242bbf000 r-xp 00022000 fc:01 8945760                    /usr/lib/x86_64-linux-gnu/libdb-5.3.so
7e6242bbf000-7e6242bf8000 r--p 0016f000 fc:01 8945760                    /usr/lib/x86_64-linux-gnu/libdb-5.3.so
7e6242bf8000-7e6242bff000 r--p 001a8000 fc:01 8945760                    /usr/lib/x86_64-linux-gnu/libdb-5.3.so
7e6242bff000-7e6242c00000 rw-p 001af000 fc:01 8945760                    /usr/lib/x86_64-linux-gnu/libdb-5.3.so
7e6242c00000-7e6242c04000 ---p 00000000 00:00 0 
7e6242c04000-7e6242d00000 rw-p 00000000 00:00 0 
7e6242d07000-7e6242d0a000 r--p 00000000 00:32 244387759                  /usr/lib/libapparmor.so.1
7e6242d0a000-7e6242d13000 r-xp 00003000 00:32 244387759                  /usr/lib/libapparmor.so.1
7e6242d13000-7e6242d1a000 r--p 0000c000 00:32 244387759                  /usr/lib/libapparmor.so.1
7e6242d1a000-7e6242d1b000 r--p 00012000 00:32 244387759                  /usr/lib/libapparmor.so.1
7e6242d1b000-7e6242d1c000 rw-p 00013000 00:32 244387759                  /usr/lib/libapparmor.so.1
7e6242d1c000-7e6242d20000 r--p 00000000 fc:01 8947023                    /usr/lib/x86_64-linux-gnu/libusb-1.0.so.0.4.0
7e6242d20000-7e6242d30000 r-xp 00004000 fc:01 8947023                    /usr/lib/x86_64-linux-gnu/libusb-1.0.so.0.4.0
7e6242d30000-7e6242d38000 r--p 00014000 fc:01 8947023                    /usr/lib/x86_64-linux-gnu/libusb-1.0.so.0.4.0
7e6242d38000-7e6242d39000 r--p 0001b000 fc:01 8947023                    /usr/lib/x86_64-linux-gnu/libusb-1.0.so.0.4.0
7e6242d39000-7e6242d3a000 rw-p 0001c000 fc:01 8947023                    /usr/lib/x86_64-linux-gnu/libusb-1.0.so.0.4.0
7e6242d3a000-7e6242d3c000 r--p 00000000 00:32 552665355                  /usr/lib/libidn2.so.0
7e6242d3c000-7e6242d40000 r-xp 00002000 00:32 552665355                  /usr/lib/libidn2.so.0
7e6242d40000-7e6242d59000 r--p 00006000 00:32 552665355                  /usr/lib/libidn2.so.0
7e6242d59000-7e6242d5a000 r--p 0001e000 00:32 552665355                  /usr/lib/libidn2.so.0
7e6242d5a000-7e6242d5b000 rw-p 0001f000 00:32 552665355                  /usr/lib/libidn2.so.0
7e6242d5b000-7e6242d66000 r--p 00000000 00:32 244391047                  /usr/lib/libgssapi_krb5.so.2
7e6242d66000-7e6242d9e000 r-xp 0000b000 00:32 244391047                  /usr/lib/libgssapi_krb5.so.2
7e6242d9e000-7e6242daa000 r--p 00043000 00:32 244391047                  /usr/lib/libgssapi_krb5.so.2
7e6242daa000-7e6242dab000 ---p 0004f000 00:32 244391047                  /usr/lib/libgssapi_krb5.so.2
7e6242dab000-7e6242dad000 r--p 0004f000 00:32 244391047                  /usr/lib/libgssapi_krb5.so.2
7e6242dad000-7e6242daf000 rw-p 00051000 00:32 244391047                  /usr/lib/libgssapi_krb5.so.2
7e6242daf000-7e6242db3000 r--p 00000000 00:32 552666995                  /usr/lib/libpgm-5.3.so.0
7e6242db3000-7e6242ddd000 r-xp 00004000 00:32 552666995                  /usr/lib/libpgm-5.3.so.0
7e6242ddd000-7e6242dfa000 r--p 0002e000 00:32 552666995                  /usr/lib/libpgm-5.3.so.0
7e6242dfa000-7e6242dfb000 r--p 0004a000 00:32 552666995                  /usr/lib/libpgm-5.3.so.0
7e6242dfb000-7e6242dfc000 rw-p 0004b000 00:32 552666995                  /usr/lib/libpgm-5.3.so.0
7e6242dfc000-7e6242e00000 rw-p 00000000 00:00 0 
7e6242e00000-7e624384a000 r--p 00000000 fc:01 9057305                    /usr/share/fonts/truetype/noto/NotoColorEmoji.ttf
7e624384a000-7e624384c000 r--p 00000000 00:32 552665571                  /usr/lib/libkeyutils.so.1
7e624384c000-7e624384e000 r-xp 00002000 00:32 552665571                  /usr/lib/libkeyutils.so.1
7e624384e000-7e624384f000 r--p 00004000 00:32 552665571                  /usr/lib/libkeyutils.so.1
7e624384f000-7e6243850000 r--p 00004000 00:32 552665571                  /usr/lib/libkeyutils.so.1
7e6243850000-7e6243851000 rw-p 00005000 00:32 552665571                  /usr/lib/libkeyutils.so.1
7e6243851000-7e6243854000 r--p 00000000 00:32 552668927                  /usr/lib/libtasn1.so.6
7e6243854000-7e6243862000 r-xp 00003000 00:32 552668927                  /usr/lib/libtasn1.so.6
7e6243862000-7e6243866000 r--p 00011000 00:32 552668927                  /usr/lib/libtasn1.so.6
7e6243866000-7e6243867000 ---p 00015000 00:32 552668927                  /usr/lib/libtasn1.so.6
7e6243867000-7e6243868000 r--p 00015000 00:32 552668927                  /usr/lib/libtasn1.so.6
7e6243868000-7e6243869000 rw-p 00016000 00:32 552668927                  /usr/lib/libtasn1.so.6
7e6243869000-7e6243870000 r--p 00000000 fc:01 8945956                    /usr/lib/x86_64-linux-gnu/libflite_cmulex.so.2.2
7e6243870000-7e6243871000 r-xp 00007000 fc:01 8945956                    /usr/lib/x86_64-linux-gnu/libflite_cmulex.so.2.2
7e6243871000-7e62438fc000 r--p 00008000 fc:01 8945956                    /usr/lib/x86_64-linux-gnu/libflite_cmulex.so.2.2
7e62438fc000-7e62438ff000 r--p 00092000 fc:01 8945956                    /usr/lib/x86_64-linux-gnu/libflite_cmulex.so.2.2
7e62438ff000-7e6243900000 rw-p 00095000 fc:01 8945956                    /usr/lib/x86_64-linux-gnu/libflite_cmulex.so.2.2
7e6243b00000-7e6243b04000 ---p 00000000 00:00 0 
7e6243b04000-7e6243c00000 rw-p 00000000 00:00 0 
7e6243c02000-7e6243c0e000 r--p 00000000 00:32 552668327                  /usr/lib/libsodium.so.23
7e6243c0e000-7e6243c46000 r-xp 0000c000 00:32 552668327                  /usr/lib/libsodium.so.23
7e6243c46000-7e6243c57000 r--p 00044000 00:32 552668327                  /usr/lib/libsodium.so.23
7e6243c57000-7e6243c58000 r--p 00054000 00:32 552668327                  /usr/lib/libsodium.so.23
7e6243c58000-7e6243c59000 rw-p 00055000 00:32 552668327                  /usr/lib/libsodium.so.23
7e6243c59000-7e6243c5f000 r--p 00000000 fc:01 8947294                    /usr/lib/x86_64-linux-gnu/blas/libblas.so.3.12.0
7e6243c5f000-7e6243cf9000 r-xp 00006000 fc:01 8947294                    /usr/lib/x86_64-linux-gnu/blas/libblas.so.3.12.0
7e6243cf9000-7e6243cfe000 r--p 000a0000 fc:01 8947294                    /usr/lib/x86_64-linux-gnu/blas/libblas.so.3.12.0
7e6243cfe000-7e6243cff000 r--p 000a4000 fc:01 8947294                    /usr/lib/x86_64-linux-gnu/blas/libblas.so.3.12.0
7e6243cff000-7e6243d00000 rw-p 000a5000 fc:01 8947294                    /usr/lib/x86_64-linux-gnu/blas/libblas.so.3.12.0
7e6243e06000-7e6243e12000 rw-s 106f83000 00:0f 1059                      anon_inode:i915.gem
7e6243e12000-7e6243e1e000 rw-s 106f77000 00:0f 1059                      anon_inode:i915.gem
7e6243e1e000-7e6243e2a000 rw-s 1093c3000 00:0f 1059                      anon_inode:i915.gem
7e6243e2a000-7e6243e36000 rw-s 1093b7000 00:0f 1059                      anon_inode:i915.gem
7e6243e36000-7e6243e42000 rw-s 105937000 00:0f 1059                      anon_inode:i915.gem
7e6243e42000-7e6243e4e000 rw-s 10c571000 00:0f 1059                      anon_inode:i915.gem
7e6243e4e000-7e6243e5a000 rw-s 1057b3000 00:0f 1059                      anon_inode:i915.gem
7e6243e5a000-7e6243e5e000 r--p 00000000 fc:01 8918976                    /usr/lib/x86_64-linux-gnu/pipewire-0.3/libpipewire-module-session-manager.so
7e6243e5e000-7e6243e7b000 r-xp 00004000 fc:01 8918976                    /usr/lib/x86_64-linux-gnu/pipewire-0.3/libpipewire-module-session-manager.so
7e6243e7b000-7e6243e80000 r--p 00021000 fc:01 8918976                    /usr/lib/x86_64-linux-gnu/pipewire-0.3/libpipewire-module-session-manager.so
7e6243e80000-7e6243e82000 r--p 00026000 fc:01 8918976                    /usr/lib/x86_64-linux-gnu/pipewire-0.3/libpipewire-module-session-manager.so
7e6243e82000-7e6243e83000 rw-p 00028000 fc:01 8918976                    /usr/lib/x86_64-linux-gnu/pipewire-0.3/libpipewire-module-session-manager.so
7e6243e83000-7e6243f03000 rw-s 106db7000 00:0f 1059                      anon_inode:i915.gem
7e6243f03000-7e6243f06000 r--p 00000000 00:32 552668295                  /usr/lib/libsndio.so.7
7e6243f06000-7e6243f0f000 r-xp 00003000 00:32 552668295                  /usr/lib/libsndio.so.7
7e6243f0f000-7e6243f12000 r--p 0000c000 00:32 552668295                  /usr/lib/libsndio.so.7
7e6243f12000-7e6243f13000 ---p 0000f000 00:32 552668295                  /usr/lib/libsndio.so.7
7e6243f13000-7e6243f14000 r--p 0000f000 00:32 552668295                  /usr/lib/libsndio.so.7
7e6243f14000-7e6243f15000 rw-p 00010000 00:32 552668295                  /usr/lib/libsndio.so.7
7e6243f15000-7e6243f17000 rw-p 00000000 00:00 0 
7e6243f17000-7e6243f21000 r--p 00000000 00:32 244390931                  /usr/lib/libgomp.so.1
7e6243f21000-7e6243f52000 r-xp 0000a000 00:32 244390931                  /usr/lib/libgomp.so.1
7e6243f52000-7e6243f5f000 r--p 0003b000 00:32 244390931                  /usr/lib/libgomp.so.1
7e6243f5f000-7e6243f60000 r--p 00047000 00:32 244390931                  /usr/lib/libgomp.so.1
7e6243f60000-7e6243f61000 rw-p 00048000 00:32 244390931                  /usr/lib/libgomp.so.1
7e6243f61000-7e6243f62000 r--p 00000000 fc:01 8945620                    /usr/lib/x86_64-linux-gnu/libbrotlienc.so.1.1.0
7e6243f62000-7e6243fae000 r-xp 00001000 fc:01 8945620                    /usr/lib/x86_64-linux-gnu/libbrotlienc.so.1.1.0
7e6243fae000-7e6243ffe000 r--p 0004d000 fc:01 8945620                    /usr/lib/x86_64-linux-gnu/libbrotlienc.so.1.1.0
7e6243ffe000-7e6243fff000 r--p 0009c000 fc:01 8945620                    /usr/lib/x86_64-linux-gnu/libbrotlienc.so.1.1.0
7e6243fff000-7e6244000000 rw-p 0009d000 fc:01 8945620                    /usr/lib/x86_64-linux-gnu/libbrotlienc.so.1.1.0
7e6244000000-7e6245d47000 rw-p 00000000 00:00 0 
7e6245d47000-7e6248000000 ---p 00000000 00:00 0 
7e6248000000-7e6248002000 r--p 00000000 00:32 244389947                  /usr/lib/libdatrie.so.1
7e6248002000-7e6248006000 r-xp 00002000 00:32 244389947                  /usr/lib/libdatrie.so.1
7e6248006000-7e6248007000 r--p 00006000 00:32 244389947                  /usr/lib/libdatrie.so.1
7e6248007000-7e6248008000 r--p 00007000 00:32 244389947                  /usr/lib/libdatrie.so.1
7e6248008000-7e6248009000 rw-p 00008000 00:32 244389947                  /usr/lib/libdatrie.so.1
7e6248009000-7e624800b000 r--p 00000000 00:32 244388007                  /usr/lib/libasyncns.so.0
7e624800b000-7e624800e000 r-xp 00002000 00:32 244388007                  /usr/lib/libasyncns.so.0
7e624800e000-7e624800f000 r--p 00005000 00:32 244388007                  /usr/lib/libasyncns.so.0
7e624800f000-7e6248010000 r--p 00005000 00:32 244388007                  /usr/lib/libasyncns.so.0
7e6248010000-7e6248011000 rw-p 00006000 00:32 244388007                  /usr/lib/libasyncns.so.0
7e6248211000-7e6248213000 r--p 00000000 fc:01 8945693                    /usr/lib/x86_64-linux-gnu/libcjson.so.1.7.17
7e6248213000-7e6248217000 r-xp 00002000 fc:01 8945693                    /usr/lib/x86_64-linux-gnu/libcjson.so.1.7.17
7e6248217000-7e6248219000 r--p 00006000 fc:01 8945693                    /usr/lib/x86_64-linux-gnu/libcjson.so.1.7.17
7e6248219000-7e624821a000 r--p 00007000 fc:01 8945693                    /usr/lib/x86_64-linux-gnu/libcjson.so.1.7.17
7e624821a000-7e624821b000 rw-p 00008000 fc:01 8945693                    /usr/lib/x86_64-linux-gnu/libcjson.so.1.7.17
7e624821b000-7e624821d000 r--p 00000000 00:32 552669559                  /usr/lib/libvorbisfile.so.3
7e624821d000-7e6248222000 r-xp 00002000 00:32 552669559                  /usr/lib/libvorbisfile.so.3
7e6248222000-7e6248223000 r--p 00007000 00:32 552669559                  /usr/lib/libvorbisfile.so.3
7e6248223000-7e6248224000 ---p 00008000 00:32 552669559                  /usr/lib/libvorbisfile.so.3
7e6248224000-7e6248225000 r--p 00008000 00:32 552669559                  /usr/lib/libvorbisfile.so.3
7e6248225000-7e6248226000 rw-p 00009000 00:32 552669559                  /usr/lib/libvorbisfile.so.3
7e6248226000-7e6248239000 r--p 00000000 fc:01 8945958                    /usr/lib/x86_64-linux-gnu/libflite_usenglish.so.2.2
7e6248239000-7e624823e000 r-xp 00013000 fc:01 8945958                    /usr/lib/x86_64-linux-gnu/libflite_usenglish.so.2.2
7e624823e000-7e6248244000 r--p 00018000 fc:01 8945958                    /usr/lib/x86_64-linux-gnu/libflite_usenglish.so.2.2
7e6248244000-7e624824f000 r--p 0001e000 fc:01 8945958                    /usr/lib/x86_64-linux-gnu/libflite_usenglish.so.2.2
7e624824f000-7e6248250000 rw-p 00029000 fc:01 8945958                    /usr/lib/x86_64-linux-gnu/libflite_usenglish.so.2.2
7e6248250000-7e6248253000 r--p 00000000 fc:01 8947220                    /usr/lib/x86_64-linux-gnu/libzix-0.so.0.4.2
7e6248253000-7e624825a000 r-xp 00003000 fc:01 8947220                    /usr/lib/x86_64-linux-gnu/libzix-0.so.0.4.2
7e624825a000-7e624825c000 r--p 0000a000 fc:01 8947220                    /usr/lib/x86_64-linux-gnu/libzix-0.so.0.4.2
7e624825c000-7e624825d000 r--p 0000b000 fc:01 8947220                    /usr/lib/x86_64-linux-gnu/libzix-0.so.0.4.2
7e624825d000-7e624825e000 rw-p 0000c000 fc:01 8947220                    /usr/lib/x86_64-linux-gnu/libzix-0.so.0.4.2
7e624825e000-7e6248260000 r--p 00000000 fc:01 8946878                    /usr/lib/x86_64-linux-gnu/libsratom-0.so.0.6.16
7e6248260000-7e6248266000 r-xp 00002000 fc:01 8946878                    /usr/lib/x86_64-linux-gnu/libsratom-0.so.0.6.16
7e6248266000-7e6248267000 r--p 00008000 fc:01 8946878                    /usr/lib/x86_64-linux-gnu/libsratom-0.so.0.6.16
7e6248267000-7e6248268000 r--p 00009000 fc:01 8946878                    /usr/lib/x86_64-linux-gnu/libsratom-0.so.0.6.16
7e6248268000-7e6248269000 rw-p 0000a000 fc:01 8946878                    /usr/lib/x86_64-linux-gnu/libsratom-0.so.0.6.16
7e6248269000-7e624826b000 r--p 00000000 fc:01 8946808                    /usr/lib/x86_64-linux-gnu/libserd-0.so.0.32.2
7e624826b000-7e624827c000 r-xp 00002000 fc:01 8946808                    /usr/lib/x86_64-linux-gnu/libserd-0.so.0.32.2
7e624827c000-7e624827f000 r--p 00013000 fc:01 8946808                    /usr/lib/x86_64-linux-gnu/libserd-0.so.0.32.2
7e624827f000-7e6248280000 r--p 00015000 fc:01 8946808                    /usr/lib/x86_64-linux-gnu/libserd-0.so.0.32.2
7e6248280000-7e6248281000 rw-p 00016000 fc:01 8946808                    /usr/lib/x86_64-linux-gnu/libserd-0.so.0.32.2
7e6248281000-7e624828b000 r--p 00000000 00:32 552667039                  /usr/lib/libpixman-1.so.0
7e624828b000-7e6248311000 r-xp 0000a000 00:32 552667039                  /usr/lib/libpixman-1.so.0
7e6248311000-7e6248323000 r--p 00090000 00:32 552667039                  /usr/lib/libpixman-1.so.0
7e6248323000-7e624832b000 r--p 000a1000 00:32 552667039                  /usr/lib/libpixman-1.so.0
7e624832b000-7e624832c000 rw-p 000a9000 00:32 552667039                  /usr/lib/libpixman-1.so.0
7e624832c000-7e624832e000 r--p 00000000 00:32 552666895                  /usr/lib/libpcre.so.3
7e624832e000-7e6248383000 r-xp 00002000 00:32 552666895                  /usr/lib/libpcre.so.3
7e6248383000-7e62483a0000 r--p 00057000 00:32 552666895                  /usr/lib/libpcre.so.3
7e62483a0000-7e62483a1000 r--p 00073000 00:32 552666895                  /usr/lib/libpcre.so.3
7e62483a1000-7e62483a2000 rw-p 00074000 00:32 552666895                  /usr/lib/libpcre.so.3
7e62483a2000-7e62483a3000 r--p 00000000 00:32 552667863                  /usr/lib/libsamplerate.so.0
7e62483a3000-7e62483a8000 r-xp 00001000 00:32 552667863                  /usr/lib/libsamplerate.so.0
7e62483a8000-7e624850e000 r--p 00006000 00:32 552667863                  /usr/lib/libsamplerate.so.0
7e624850e000-7e624850f000 ---p 0016c000 00:32 552667863                  /usr/lib/libsamplerate.so.0
7e624850f000-7e6248510000 r--p 0016c000 00:32 552667863                  /usr/lib/libsamplerate.so.0
7e6248510000-7e6248511000 rw-p 0016d000 00:32 552667863                  /usr/lib/libsamplerate.so.0
7e6248615000-7e6248627000 r--p 00000000 00:32 552666783                  /usr/lib/libpango-1.0.so.0
7e6248627000-7e624865c000 r-xp 00012000 00:32 552666783                  /usr/lib/libpango-1.0.so.0
7e624865c000-7e6248677000 r--p 00047000 00:32 552666783                  /usr/lib/libpango-1.0.so.0
7e6248677000-7e624867b000 r--p 00061000 00:32 552666783                  /usr/lib/libpango-1.0.so.0
7e624867b000-7e624867c000 rw-p 00065000 00:32 552666783                  /usr/lib/libpango-1.0.so.0
7e624867c000-7e624868e000 r--p 00000000 00:32 552667307                  /usr/lib/libpulsecommon-15.99.so
7e624868e000-7e62486d7000 r-xp 00012000 00:32 552667307                  /usr/lib/libpulsecommon-15.99.so
7e62486d7000-7e62486fe000 r--p 0005b000 00:32 552667307                  /usr/lib/libpulsecommon-15.99.so
7e62486fe000-7e6248700000 r--p 00081000 00:32 552667307                  /usr/lib/libpulsecommon-15.99.so
7e6248700000-7e6248701000 rw-p 00083000 00:32 552667307                  /usr/lib/libpulsecommon-15.99.so
7e6248701000-7e6248708000 r--p 00000000 00:32 244390099                  /usr/lib/libdc1394.so.25
7e6248708000-7e624872a000 r-xp 00007000 00:32 244390099                  /usr/lib/libdc1394.so.25
7e624872a000-7e6248737000 r--p 00029000 00:32 244390099                  /usr/lib/libdc1394.so.25
7e6248737000-7e6248738000 r--p 00035000 00:32 244390099                  /usr/lib/libdc1394.so.25
7e6248738000-7e6248739000 rw-p 00036000 00:32 244390099                  /usr/lib/libdc1394.so.25
7e6248739000-7e6248779000 rw-p 00000000 00:00 0 
7e6248779000-7e624878b000 r--p 00000000 fc:01 8946564                    /usr/lib/x86_64-linux-gnu/libopenal.so.1.23.1
7e624878b000-7e6248836000 r-xp 00012000 fc:01 8946564                    /usr/lib/x86_64-linux-gnu/libopenal.so.1.23.1
7e6248836000-7e624888f000 r--p 000bd000 fc:01 8946564                    /usr/lib/x86_64-linux-gnu/libopenal.so.1.23.1
7e624888f000-7e6248895000 r--p 00115000 fc:01 8946564                    /usr/lib/x86_64-linux-gnu/libopenal.so.1.23.1
7e6248895000-7e6248896000 rw-p 0011b000 fc:01 8946564                    /usr/lib/x86_64-linux-gnu/libopenal.so.1.23.1
7e6248896000-7e6248911000 rw-p 00000000 00:00 0 
7e6248a11000-7e6248a58000 r--p 00000000 00:24 15385                      /tmp/quickjs_quickjs9870223048454996619.tmp (deleted)
7e6248a58000-7e6248af6000 r-xp 00046000 00:24 15385                      /tmp/quickjs_quickjs9870223048454996619.tmp (deleted)
7e6248af6000-7e6248afe000 r--p 000e3000 00:24 15385                      /tmp/quickjs_quickjs9870223048454996619.tmp (deleted)
7e6248afe000-7e6248aff000 rw-p 000ea000 00:24 15385                      /tmp/quickjs_quickjs9870223048454996619.tmp (deleted)
7e6248aff000-7e6248b00000 rw-p 00000000 00:00 0 
7e6250000000-7e6253f49000 rw-p 00000000 00:00 0 
7e6253f49000-7e6254000000 ---p 00000000 00:00 0 
7e6254101000-7e6254103000 r--p 00000000 fc:01 8945724                    /usr/lib/x86_64-linux-gnu/libcom_err.so.2.1
7e6254103000-7e6254104000 r-xp 00002000 fc:01 8945724                    /usr/lib/x86_64-linux-gnu/libcom_err.so.2.1
7e6254104000-7e6254105000 r--p 00003000 fc:01 8945724                    /usr/lib/x86_64-linux-gnu/libcom_err.so.2.1
7e6254105000-7e6254106000 r--p 00003000 fc:01 8945724                    /usr/lib/x86_64-linux-gnu/libcom_err.so.2.1
7e6254106000-7e6254107000 rw-p 00004000 fc:01 8945724                    /usr/lib/x86_64-linux-gnu/libcom_err.so.2.1
7e6254107000-7e625410a000 r--p 00000000 00:32 552666447                  /usr/lib/libnuma.so.1
7e625410a000-7e6254110000 r-xp 00003000 00:32 552666447                  /usr/lib/libnuma.so.1
7e6254110000-7e6254112000 r--p 00009000 00:32 552666447                  /usr/lib/libnuma.so.1
7e6254112000-7e6254113000 r--p 0000a000 00:32 552666447                  /usr/lib/libnuma.so.1
7e6254113000-7e6254114000 rw-p 0000b000 00:32 552666447                  /usr/lib/libnuma.so.1
7e6254114000-7e6254145000 r--p 00000000 00:32 244390791                  /usr/lib/libgnutls.so.30
7e6254145000-7e625426f000 r-xp 00031000 00:32 244390791                  /usr/lib/libgnutls.so.30
7e625426f000-7e62542ec000 r--p 0015b000 00:32 244390791                  /usr/lib/libgnutls.so.30
7e62542ec000-7e62542fc000 r--p 001d7000 00:32 244390791                  /usr/lib/libgnutls.so.30
7e62542fc000-7e62542fe000 rw-p 001e7000 00:32 244390791                  /usr/lib/libgnutls.so.30
7e62542fe000-7e6254300000 rw-p 00000000 00:00 0 
7e6254300000-7e6254380000 rw-s 109327000 00:0f 1059                      anon_inode:i915.gem
7e6254380000-7e6254400000 rw-s 1092a7000 00:0f 1059                      anon_inode:i915.gem
7e6254400000-7e6254402000 r--p 00000000 00:32 244390759                  /usr/lib/libgmodule-2.0.so.0
7e6254402000-7e6254404000 r-xp 00002000 00:32 244390759                  /usr/lib/libgmodule-2.0.so.0
7e6254404000-7e6254405000 r--p 00004000 00:32 244390759                  /usr/lib/libgmodule-2.0.so.0
7e6254405000-7e6254406000 r--p 00004000 00:32 244390759                  /usr/lib/libgmodule-2.0.so.0
7e6254406000-7e6254407000 rw-p 00005000 00:32 244390759                  /usr/lib/libgmodule-2.0.so.0
7e6254407000-7e625440f000 r--p 00000000 00:32 244390511                  /usr/lib/libgdk_pixbuf-2.0.so.0
7e625440f000-7e625442a000 r-xp 00008000 00:32 244390511                  /usr/lib/libgdk_pixbuf-2.0.so.0
7e625442a000-7e6254434000 r--p 00023000 00:32 244390511                  /usr/lib/libgdk_pixbuf-2.0.so.0
7e6254434000-7e6254435000 ---p 0002d000 00:32 244390511                  /usr/lib/libgdk_pixbuf-2.0.so.0
7e6254435000-7e6254436000 r--p 0002d000 00:32 244390511                  /usr/lib/libgdk_pixbuf-2.0.so.0
7e6254436000-7e6254437000 rw-p 0002e000 00:32 244390511                  /usr/lib/libgdk_pixbuf-2.0.so.0
7e6254437000-7e625444e000 r--p 00000000 fc:01 8946880                    /usr/lib/x86_64-linux-gnu/libsrt-gnutls.so.1.5.3
7e625444e000-7e62544dc000 r-xp 00017000 fc:01 8946880                    /usr/lib/x86_64-linux-gnu/libsrt-gnutls.so.1.5.3
7e62544dc000-7e62544f8000 r--p 000a5000 fc:01 8946880                    /usr/lib/x86_64-linux-gnu/libsrt-gnutls.so.1.5.3
7e62544f8000-7e62544fa000 r--p 000c0000 fc:01 8946880                    /usr/lib/x86_64-linux-gnu/libsrt-gnutls.so.1.5.3
7e62544fa000-7e62544fb000 rw-p 000c2000 fc:01 8946880                    /usr/lib/x86_64-linux-gnu/libsrt-gnutls.so.1.5.3
7e62544fb000-7e6254500000 rw-p 00000000 00:00 0 
7e6254505000-7e6254511000 rw-s 109cd7000 00:0f 1059                      anon_inode:i915.gem
7e6254511000-7e6254513000 r--p 00000000 fc:01 8918956                    /usr/lib/x86_64-linux-gnu/pipewire-0.3/libpipewire-module-metadata.so
7e6254513000-7e625451b000 r-xp 00002000 fc:01 8918956                    /usr/lib/x86_64-linux-gnu/pipewire-0.3/libpipewire-module-metadata.so
7e625451b000-7e625451c000 r--p 0000a000 fc:01 8918956                    /usr/lib/x86_64-linux-gnu/pipewire-0.3/libpipewire-module-metadata.so
7e625451c000-7e625451d000 r--p 0000b000 fc:01 8918956                    /usr/lib/x86_64-linux-gnu/pipewire-0.3/libpipewire-module-metadata.so
7e625451d000-7e625451e000 rw-p 0000c000 fc:01 8918956                    /usr/lib/x86_64-linux-gnu/pipewire-0.3/libpipewire-module-metadata.so
7e625451e000-7e6254528000 r--p 00000000 fc:01 8914256                    /usr/lib/x86_64-linux-gnu/pipewire-0.3/libpipewire-module-adapter.so
7e6254528000-7e6254533000 r-xp 0000a000 fc:01 8914256                    /usr/lib/x86_64-linux-gnu/pipewire-0.3/libpipewire-module-adapter.so
7e6254533000-7e6254539000 r--p 00015000 fc:01 8914256                    /usr/lib/x86_64-linux-gnu/pipewire-0.3/libpipewire-module-adapter.so
7e6254539000-7e6254542000 r--p 0001b000 fc:01 8914256                    /usr/lib/x86_64-linux-gnu/pipewire-0.3/libpipewire-module-adapter.so
7e6254542000-7e6254543000 rw-p 00024000 fc:01 8914256                    /usr/lib/x86_64-linux-gnu/pipewire-0.3/libpipewire-module-adapter.so
7e6254603000-7e625460b000 r--p 00000000 00:32 552666271                  /usr/lib/libncursesw.so.6
7e625460b000-7e6254634000 r-xp 00008000 00:32 552666271                  /usr/lib/libncursesw.so.6
7e6254634000-7e625463c000 r--p 00031000 00:32 552666271                  /usr/lib/libncursesw.so.6
7e625463c000-7e625463d000 ---p 00039000 00:32 552666271                  /usr/lib/libncursesw.so.6
7e625463d000-7e625463e000 r--p 00039000 00:32 552666271                  /usr/lib/libncursesw.so.6
7e625463e000-7e625463f000 rw-p 0003a000 00:32 552666271                  /usr/lib/libncursesw.so.6
7e625463f000-7e6254653000 r--p 00000000 00:32 552666555                  /usr/lib/libopenmpt.so.0
7e6254653000-7e625476a000 r-xp 00014000 00:32 552666555                  /usr/lib/libopenmpt.so.0
7e625476a000-7e62547a0000 r--p 0012b000 00:32 552666555                  /usr/lib/libopenmpt.so.0
7e62547a0000-7e62547a5000 r--p 00161000 00:32 552666555                  /usr/lib/libopenmpt.so.0
7e62547a5000-7e62547a6000 rw-p 00166000 00:32 552666555                  /usr/lib/libopenmpt.so.0
7e62547a6000-7e6254800000 rw-p 00000000 00:00 0 
7e6254800000-7e625483f000 r--p 00000000 fc:01 8945554                    /usr/lib/x86_64-linux-gnu/libavformat.so.60.16.100
7e625483f000-7e6254a04000 r-xp 0003f000 fc:01 8945554                    /usr/lib/x86_64-linux-gnu/libavformat.so.60.16.100
7e6254a04000-7e6254a80000 r--p 00204000 fc:01 8945554                    /usr/lib/x86_64-linux-gnu/libavformat.so.60.16.100
7e6254a80000-7e6254ab6000 r--p 00280000 fc:01 8945554                    /usr/lib/x86_64-linux-gnu/libavformat.so.60.16.100
7e6254ab6000-7e6254ab7000 rw-p 002b6000 fc:01 8945554                    /usr/lib/x86_64-linux-gnu/libavformat.so.60.16.100
7e6254aba000-7e6254ac4000 r--p 00000000 00:32 552666311                  /usr/lib/libnettle.so.8
7e6254ac4000-7e6254ae7000 r-xp 0000a000 00:32 552666311                  /usr/lib/libnettle.so.8
7e6254ae7000-7e6254afd000 r--p 0002d000 00:32 552666311                  /usr/lib/libnettle.so.8
7e6254afd000-7e6254aff000 r--p 00042000 00:32 552666311                  /usr/lib/libnettle.so.8
7e6254aff000-7e6254b00000 rw-p 00044000 00:32 552666311                  /usr/lib/libnettle.so.8
7e6254c01000-7e6254c03000 r--p 00000000 00:32 552666479                  /usr/lib/libogg.so.0
7e6254c03000-7e6254c06000 r-xp 00002000 00:32 552666479                  /usr/lib/libogg.so.0
7e6254c06000-7e6254c09000 r--p 00005000 00:32 552666479                  /usr/lib/libogg.so.0
7e6254c09000-7e6254c0a000 ---p 00008000 00:32 552666479                  /usr/lib/libogg.so.0
7e6254c0a000-7e6254c0b000 r--p 00008000 00:32 552666479                  /usr/lib/libogg.so.0
7e6254c0b000-7e6254c0c000 rw-p 00009000 00:32 552666479                  /usr/lib/libogg.so.0
7e6254c0c000-7e6254c0f000 r--p 00000000 00:32 244390975                  /usr/lib/libgraphite2.so.3
7e6254c0f000-7e6254c2d000 r-xp 00003000 00:32 244390975                  /usr/lib/libgraphite2.so.3
7e6254c2d000-7e6254c31000 r--p 00021000 00:32 244390975                  /usr/lib/libgraphite2.so.3
7e6254c31000-7e6254c33000 r--p 00024000 00:32 244390975                  /usr/lib/libgraphite2.so.3
7e6254c33000-7e6254c34000 rw-p 00026000 00:32 244390975                  /usr/lib/libgraphite2.so.3
7e6254c34000-7e6254c38000 r--p 00000000 00:32 552668371                  /usr/lib/libsoxr.so.0
7e6254c38000-7e6254c5d000 r-xp 00004000 00:32 552668371                  /usr/lib/libsoxr.so.0
7e6254c5d000-7e6254c62000 r--p 00029000 00:32 552668371                  /usr/lib/libsoxr.so.0
7e6254c62000-7e6254c63000 ---p 0002e000 00:32 552668371                  /usr/lib/libsoxr.so.0
7e6254c63000-7e6254c65000 r--p 0002e000 00:32 552668371                  /usr/lib/libsoxr.so.0
7e6254c65000-7e6254c66000 rw-p 00030000 00:32 552668371                  /usr/lib/libsoxr.so.0
7e6254c66000-7e6254c9b000 rw-p 00000000 00:00 0 
7e6254c9b000-7e6254ca6000 r--p 00000000 fc:01 8945948                    /usr/lib/x86_64-linux-gnu/libflite_cmu_us_kal.so.2.2
7e6254ca6000-7e6254ca7000 r-xp 0000b000 fc:01 8945948                    /usr/lib/x86_64-linux-gnu/libflite_cmu_us_kal.so.2.2
7e6254ca7000-7e6254df8000 r--p 0000c000 fc:01 8945948                    /usr/lib/x86_64-linux-gnu/libflite_cmu_us_kal.so.2.2
7e6254df8000-7e6254dff000 r--p 0015d000 fc:01 8945948                    /usr/lib/x86_64-linux-gnu/libflite_cmu_us_kal.so.2.2
7e6254dff000-7e6254e00000 rw-p 00164000 fc:01 8945948                    /usr/lib/x86_64-linux-gnu/libflite_cmu_us_kal.so.2.2
7e6254e03000-7e6254e83000 rw-s 104226000 00:0f 1059                      anon_inode:i915.gem
7e6254f03000-7e6254f08000 r--p 00000000 00:32 552670451                  /usr/lib/libxcb-render.so.0
7e6254f08000-7e6254f0d000 r-xp 00005000 00:32 552670451                  /usr/lib/libxcb-render.so.0
7e6254f0d000-7e6254f0f000 r--p 0000a000 00:32 552670451                  /usr/lib/libxcb-render.so.0
7e6254f0f000-7e6254f10000 ---p 0000c000 00:32 552670451                  /usr/lib/libxcb-render.so.0
7e6254f10000-7e6254f11000 r--p 0000c000 00:32 552670451                  /usr/lib/libxcb-render.so.0
7e6254f11000-7e6254f12000 rw-p 0000d000 00:32 552670451                  /usr/lib/libxcb-render.so.0
7e6254f12000-7e6254f1e000 r--p 00000000 00:32 552668563                  /usr/lib/libssh-gcrypt.so.4
7e6254f1e000-7e6254f65000 r-xp 0000c000 00:32 552668563                  /usr/lib/libssh-gcrypt.so.4
7e6254f65000-7e6254f99000 r--p 00053000 00:32 552668563                  /usr/lib/libssh-gcrypt.so.4
7e6254f99000-7e6254f9b000 r--p 00086000 00:32 552668563                  /usr/lib/libssh-gcrypt.so.4
7e6254f9b000-7e6254f9d000 rw-p 00088000 00:32 552668563                  /usr/lib/libssh-gcrypt.so.4
7e6254f9d000-7e6254faf000 r--p 00000000 00:32 244389107                  /usr/lib/libcairo.so.2
7e6254faf000-7e6255082000 r-xp 00012000 00:32 244389107                  /usr/lib/libcairo.so.2
7e6255082000-7e62550bf000 r--p 000e5000 00:32 244389107                  /usr/lib/libcairo.so.2
7e62550bf000-7e62550c3000 r--p 00121000 00:32 244389107                  /usr/lib/libcairo.so.2
7e62550c3000-7e62550c4000 rw-p 00125000 00:32 244389107                  /usr/lib/libcairo.so.2
7e62550c4000-7e62550c5000 rw-p 00000000 00:00 0 
7e62550c5000-7e62550e2000 r--p 00000000 00:32 244390643                  /usr/lib/libglib-2.0.so.0
7e62550e2000-7e6255172000 r-xp 0001d000 00:32 244390643                  /usr/lib/libglib-2.0.so.0
7e6255172000-7e62551fc000 r--p 000ad000 00:32 244390643                  /usr/lib/libglib-2.0.so.0
7e62551fc000-7e62551fd000 ---p 00137000 00:32 244390643                  /usr/lib/libglib-2.0.so.0
7e62551fd000-7e62551fe000 r--p 00137000 00:32 244390643                  /usr/lib/libglib-2.0.so.0
7e62551fe000-7e62551ff000 rw-p 00138000 00:32 244390643                  /usr/lib/libglib-2.0.so.0
7e62551ff000-7e6255200000 rw-p 00000000 00:00 0 
7e6255200000-7e6255248000 r--p 00000000 fc:01 8946437                    /usr/lib/x86_64-linux-gnu/libmpv.so.2.2.0
7e6255248000-7e62553a7000 r-xp 00048000 fc:01 8946437                    /usr/lib/x86_64-linux-gnu/libmpv.so.2.2.0
7e62553a7000-7e62554a0000 r--p 001a7000 fc:01 8946437                    /usr/lib/x86_64-linux-gnu/libmpv.so.2.2.0
7e62554a0000-7e62554de000 r--p 0029f000 fc:01 8946437                    /usr/lib/x86_64-linux-gnu/libmpv.so.2.2.0
7e62554de000-7e62554e0000 rw-p 002dd000 fc:01 8946437                    /usr/lib/x86_64-linux-gnu/libmpv.so.2.2.0
7e62554e0000-7e62554e1000 rw-p 00000000 00:00 0 
7e62554e2000-7e62554e4000 r--p 00000000 fc:01 8946222                    /usr/lib/x86_64-linux-gnu/libhwy.so.1.0.7
7e62554e4000-7e62554ea000 r-xp 00002000 fc:01 8946222                    /usr/lib/x86_64-linux-gnu/libhwy.so.1.0.7
7e62554ea000-7e62554ec000 r--p 00008000 fc:01 8946222                    /usr/lib/x86_64-linux-gnu/libhwy.so.1.0.7
7e62554ec000-7e62554ed000 r--p 00009000 fc:01 8946222                    /usr/lib/x86_64-linux-gnu/libhwy.so.1.0.7
7e62554ed000-7e62554ee000 rw-p 0000a000 fc:01 8946222                    /usr/lib/x86_64-linux-gnu/libhwy.so.1.0.7
7e62554ee000-7e62554f3000 r--p 00000000 00:32 552666831                  /usr/lib/libpangocairo-1.0.so.0
7e62554f3000-7e62554fb000 r-xp 00005000 00:32 552666831                  /usr/lib/libpangocairo-1.0.so.0
7e62554fb000-7e62554fd000 r--p 0000d000 00:32 552666831                  /usr/lib/libpangocairo-1.0.so.0
7e62554fd000-7e62554fe000 ---p 0000f000 00:32 552666831                  /usr/lib/libpangocairo-1.0.so.0
7e62554fe000-7e62554ff000 r--p 0000f000 00:32 552666831                  /usr/lib/libpangocairo-1.0.so.0
7e62554ff000-7e6255500000 rw-p 00010000 00:32 552666831                  /usr/lib/libpangocairo-1.0.so.0
7e6255504000-7e6255506000 r--p 00000000 fc:01 8914322                    /usr/lib/x86_64-linux-gnu/pipewire-0.3/libpipewire-module-client-device.so
7e6255506000-7e625550f000 r-xp 00002000 fc:01 8914322                    /usr/lib/x86_64-linux-gnu/pipewire-0.3/libpipewire-module-client-device.so
7e625550f000-7e6255510000 r--p 0000b000 fc:01 8914322                    /usr/lib/x86_64-linux-gnu/pipewire-0.3/libpipewire-module-client-device.so
7e6255510000-7e6255511000 r--p 0000c000 fc:01 8914322                    /usr/lib/x86_64-linux-gnu/pipewire-0.3/libpipewire-module-client-device.so
7e6255511000-7e6255512000 rw-p 0000d000 fc:01 8914322                    /usr/lib/x86_64-linux-gnu/pipewire-0.3/libpipewire-module-client-device.so
7e6255512000-7e6255525000 r--p 00000000 fc:01 8918962                    /usr/lib/x86_64-linux-gnu/pipewire-0.3/libpipewire-module-protocol-native.so
7e6255525000-7e6255544000 r-xp 00013000 fc:01 8918962                    /usr/lib/x86_64-linux-gnu/pipewire-0.3/libpipewire-module-protocol-native.so
7e6255544000-7e625554f000 r--p 00032000 fc:01 8918962                    /usr/lib/x86_64-linux-gnu/pipewire-0.3/libpipewire-module-protocol-native.so
7e625554f000-7e625555f000 r--p 0003c000 fc:01 8918962                    /usr/lib/x86_64-linux-gnu/pipewire-0.3/libpipewire-module-protocol-native.so
7e625555f000-7e6255560000 rw-p 0004c000 fc:01 8918962                    /usr/lib/x86_64-linux-gnu/pipewire-0.3/libpipewire-module-protocol-native.so
7e6255560000-7e6255600000 rw-s 10a3e7000 00:0f 1059                      anon_inode:i915.gem
7e6255600000-7e6255604000 r--p 00000000 00:32 244389075                  /usr/lib/libcairo-gobject.so.2
7e6255604000-7e6255606000 r-xp 00004000 00:32 244389075                  /usr/lib/libcairo-gobject.so.2
7e6255606000-7e6255608000 r--p 00006000 00:32 244389075                  /usr/lib/libcairo-gobject.so.2
7e6255608000-7e6255609000 ---p 00008000 00:32 244389075                  /usr/lib/libcairo-gobject.so.2
7e6255609000-7e625560b000 r--p 00008000 00:32 244389075                  /usr/lib/libcairo-gobject.so.2
7e625560b000-7e625560c000 rw-p 0000a000 00:32 244389075                  /usr/lib/libcairo-gobject.so.2
7e625560c000-7e6255610000 r--p 00000000 fc:01 8945792                    /usr/lib/x86_64-linux-gnu/libdecor-0.so.0.200.2
7e6255610000-7e6255613000 r-xp 00004000 fc:01 8945792                    /usr/lib/x86_64-linux-gnu/libdecor-0.so.0.200.2
7e6255613000-7e6255615000 r--p 00007000 fc:01 8945792                    /usr/lib/x86_64-linux-gnu/libdecor-0.so.0.200.2
7e6255615000-7e6255616000 r--p 00008000 fc:01 8945792                    /usr/lib/x86_64-linux-gnu/libdecor-0.so.0.200.2
7e6255616000-7e6255617000 rw-p 00009000 fc:01 8945792                    /usr/lib/x86_64-linux-gnu/libdecor-0.so.0.200.2
7e6255617000-7e6255618000 r--p 00000000 00:32 552669271                  /usr/lib/libudfread.so.0
7e6255618000-7e625561d000 r-xp 00001000 00:32 552669271                  /usr/lib/libudfread.so.0
7e625561d000-7e625561f000 r--p 00006000 00:32 552669271                  /usr/lib/libudfread.so.0
7e625561f000-7e6255620000 ---p 00008000 00:32 552669271                  /usr/lib/libudfread.so.0
7e6255620000-7e6255621000 r--p 00008000 00:32 552669271                  /usr/lib/libudfread.so.0
7e6255621000-7e6255622000 rw-p 00009000 00:32 552669271                  /usr/lib/libudfread.so.0
7e6255622000-7e6255625000 r--p 00000000 fc:01 8946262                    /usr/lib/x86_64-linux-gnu/libiec61883.so.0.1.1
7e6255625000-7e625562c000 r-xp 00003000 fc:01 8946262                    /usr/lib/x86_64-linux-gnu/libiec61883.so.0.1.1
7e625562c000-7e625562f000 r--p 0000a000 fc:01 8946262                    /usr/lib/x86_64-linux-gnu/libiec61883.so.0.1.1
7e625562f000-7e6255630000 r--p 0000c000 fc:01 8946262                    /usr/lib/x86_64-linux-gnu/libiec61883.so.0.1.1
7e6255630000-7e6255631000 rw-p 0000d000 fc:01 8946262                    /usr/lib/x86_64-linux-gnu/libiec61883.so.0.1.1
7e6255631000-7e6255635000 r--p 00000000 fc:01 8946764                    /usr/lib/x86_64-linux-gnu/librist.so.4.3.1
7e6255635000-7e6255650000 r-xp 00004000 fc:01 8946764                    /usr/lib/x86_64-linux-gnu/librist.so.4.3.1
7e6255650000-7e6255659000 r--p 0001f000 fc:01 8946764                    /usr/lib/x86_64-linux-gnu/librist.so.4.3.1
7e6255659000-7e625565a000 r--p 00027000 fc:01 8946764                    /usr/lib/x86_64-linux-gnu/librist.so.4.3.1
7e625565a000-7e625565b000 rw-p 00028000 fc:01 8946764                    /usr/lib/x86_64-linux-gnu/librist.so.4.3.1
7e625565b000-7e6255664000 rw-p 00000000 00:00 0 
7e6255664000-7e625567c000 r--p 00000000 00:32 552670667                  /usr/lib/libzmq.so.5
7e625567c000-7e62556dd000 r-xp 00018000 00:32 552670667                  /usr/lib/libzmq.so.5
7e62556dd000-7e62556f7000 r--p 00079000 00:32 552670667                  /usr/lib/libzmq.so.5
7e62556f7000-7e62556ff000 r--p 00092000 00:32 552670667                  /usr/lib/libzmq.so.5
7e62556ff000-7e6255700000 rw-p 0009a000 00:32 552670667                  /usr/lib/libzmq.so.5
7e6255700000-7e6255704000 ---p 00000000 00:00 0 
7e6255704000-7e6255800000 rw-p 00000000 00:00 0 
7e6255801000-7e6255861000 rw-s 102997000 00:0f 1059                      anon_inode:i915.gem
7e6255861000-7e6255901000 rw-s 108207000 00:0f 1059                      anon_inode:i915.gem
7e6255901000-7e6255903000 r--p 00000000 fc:01 8946852                    /usr/lib/x86_64-linux-gnu/libsord-0.so.0.16.16
7e6255903000-7e6255907000 r-xp 00002000 fc:01 8946852                    /usr/lib/x86_64-linux-gnu/libsord-0.so.0.16.16
7e6255907000-7e6255908000 r--p 00006000 fc:01 8946852                    /usr/lib/x86_64-linux-gnu/libsord-0.so.0.16.16
7e6255908000-7e6255909000 r--p 00007000 fc:01 8946852                    /usr/lib/x86_64-linux-gnu/libsord-0.so.0.16.16
7e6255909000-7e625590a000 rw-p 00008000 fc:01 8946852                    /usr/lib/x86_64-linux-gnu/libsord-0.so.0.16.16
7e625590a000-7e625590c000 r--p 00000000 00:32 244388103                  /usr/lib/libavc1394.so.0
7e625590c000-7e625590e000 r-xp 00002000 00:32 244388103                  /usr/lib/libavc1394.so.0
7e625590e000-7e625590f000 r--p 00004000 00:32 244388103                  /usr/lib/libavc1394.so.0
7e625590f000-7e6255910000 r--p 00004000 00:32 244388103                  /usr/lib/libavc1394.so.0
7e6255910000-7e6255911000 rw-p 00005000 00:32 244388103                  /usr/lib/libavc1394.so.0
7e6255911000-7e6255913000 r--p 00000000 00:32 552670611                  /usr/lib/libxvidcore.so.4
7e6255913000-7e625599d000 r-xp 00002000 00:32 552670611                  /usr/lib/libxvidcore.so.4
7e625599d000-7e62559b0000 r--p 0008c000 00:32 552670611                  /usr/lib/libxvidcore.so.4
7e62559b0000-7e62559b1000 r--p 0009e000 00:32 552670611                  /usr/lib/libxvidcore.so.4
7e62559b1000-7e62559bb000 rw-p 0009f000 00:32 552670611                  /usr/lib/libxvidcore.so.4
7e62559bb000-7e6255a24000 rw-p 00000000 00:00 0 
7e6255a24000-7e6255a2e000 r--p 00000000 fc:01 8945758                    /usr/lib/x86_64-linux-gnu/libdav1d.so.7.0.0
7e6255a2e000-7e6255b9d000 r-xp 0000a000 fc:01 8945758                    /usr/lib/x86_64-linux-gnu/libdav1d.so.7.0.0
7e6255b9d000-7e6255bc4000 r--p 00179000 fc:01 8945758                    /usr/lib/x86_64-linux-gnu/libdav1d.so.7.0.0
7e6255bc4000-7e6255bc7000 r--p 001a0000 fc:01 8945758                    /usr/lib/x86_64-linux-gnu/libdav1d.so.7.0.0
7e6255bc7000-7e6255bc8000 rw-p 001a3000 fc:01 8945758                    /usr/lib/x86_64-linux-gnu/libdav1d.so.7.0.0
7e6255bc8000-7e6255c00000 rw-p 00000000 00:00 0 
7e6255d01000-7e6255d02000 r--p 00000000 fc:01 8947153                    /usr/lib/x86_64-linux-gnu/libxcb-shape.so.0.0.0
7e6255d02000-7e6255d03000 r-xp 00001000 fc:01 8947153                    /usr/lib/x86_64-linux-gnu/libxcb-shape.so.0.0.0
7e6255d03000-7e6255d04000 r--p 00002000 fc:01 8947153                    /usr/lib/x86_64-linux-gnu/libxcb-shape.so.0.0.0
7e6255d04000-7e6255d05000 r--p 00002000 fc:01 8947153                    /usr/lib/x86_64-linux-gnu/libxcb-shape.so.0.0.0
7e6255d05000-7e6255d06000 rw-p 00003000 fc:01 8947153                    /usr/lib/x86_64-linux-gnu/libxcb-shape.so.0.0.0
7e6255d06000-7e6255d08000 r--p 00000000 00:32 244390283                  /usr/lib/libdvdread.so.8
7e6255d08000-7e6255d1d000 r-xp 00002000 00:32 244390283                  /usr/lib/libdvdread.so.8
7e6255d1d000-7e6255d25000 r--p 00017000 00:32 244390283                  /usr/lib/libdvdread.so.8
7e6255d25000-7e6255d26000 ---p 0001f000 00:32 244390283                  /usr/lib/libdvdread.so.8
7e6255d26000-7e6255d27000 r--p 0001f000 00:32 244390283                  /usr/lib/libdvdread.so.8
7e6255d27000-7e6255d28000 rw-p 00020000 00:32 244390283                  /usr/lib/libdvdread.so.8
7e6255d28000-7e6255d30000 r--p 00000000 00:32 244390715                  /usr/lib/libgme.so.0
7e6255d30000-7e6255d61000 r-xp 00008000 00:32 244390715                  /usr/lib/libgme.so.0
7e6255d61000-7e6255d74000 r--p 00039000 00:32 244390715                  /usr/lib/libgme.so.0
7e6255d74000-7e6255d77000 r--p 0004b000 00:32 244390715                  /usr/lib/libgme.so.0
7e6255d77000-7e6255d78000 rw-p 0004e000 00:32 244390715                  /usr/lib/libgme.so.0
7e6255d78000-7e6255d83000 r--p 00000000 fc:01 8945934                    /usr/lib/x86_64-linux-gnu/libflite.so.2.2
7e6255d83000-7e6255da4000 r-xp 0000b000 fc:01 8945934                    /usr/lib/x86_64-linux-gnu/libflite.so.2.2
7e6255da4000-7e6255daf000 r--p 0002c000 fc:01 8945934                    /usr/lib/x86_64-linux-gnu/libflite.so.2.2
7e6255daf000-7e6255db1000 r--p 00036000 fc:01 8945934                    /usr/lib/x86_64-linux-gnu/libflite.so.2.2
7e6255db1000-7e6255db2000 rw-p 00038000 fc:01 8945934                    /usr/lib/x86_64-linux-gnu/libflite.so.2.2
7e6255db2000-7e6255dbc000 r--p 00000000 fc:01 8946874                    /usr/lib/x86_64-linux-gnu/libsphinxbase.so.3.0.0
7e6255dbc000-7e6255de3000 r-xp 0000a000 fc:01 8946874                    /usr/lib/x86_64-linux-gnu/libsphinxbase.so.3.0.0
7e6255de3000-7e6255df0000 r--p 00031000 fc:01 8946874                    /usr/lib/x86_64-linux-gnu/libsphinxbase.so.3.0.0
7e6255df0000-7e6255df1000 r--p 0003e000 fc:01 8946874                    /usr/lib/x86_64-linux-gnu/libsphinxbase.so.3.0.0
7e6255df1000-7e6255df2000 rw-p 0003f000 fc:01 8946874                    /usr/lib/x86_64-linux-gnu/libsphinxbase.so.3.0.0
7e6255df2000-7e6255df3000 rw-p 00000000 00:00 0 
7e6255df3000-7e6255dfe000 r--p 00000000 fc:01 8946202                    /usr/lib/x86_64-linux-gnu/libharfbuzz.so.0.60830.0
7e6255dfe000-7e6255ecc000 r-xp 0000b000 fc:01 8946202                    /usr/lib/x86_64-linux-gnu/libharfbuzz.so.0.60830.0
7e6255ecc000-7e6255efe000 r--p 000d9000 fc:01 8946202                    /usr/lib/x86_64-linux-gnu/libharfbuzz.so.0.60830.0
7e6255efe000-7e6255eff000 r--p 0010b000 fc:01 8946202                    /usr/lib/x86_64-linux-gnu/libharfbuzz.so.0.60830.0
7e6255eff000-7e6255f00000 rw-p 0010c000 fc:01 8946202                    /usr/lib/x86_64-linux-gnu/libharfbuzz.so.0.60830.0
7e6256100000-7e6256104000 ---p 00000000 00:00 0 
7e6256104000-7e6256200000 rw-p 00000000 00:00 0 
7e6256201000-7e6256205000 r--p 00000000 00:32 552667391                  /usr/lib/libraw1394.so.11
7e6256205000-7e625620d000 r-xp 00004000 00:32 552667391                  /usr/lib/libraw1394.so.11
7e625620d000-7e6256210000 r--p 0000c000 00:32 552667391                  /usr/lib/libraw1394.so.11
7e6256210000-7e6256211000 r--p 0000e000 00:32 552667391                  /usr/lib/libraw1394.so.11
7e6256211000-7e6256212000 rw-p 0000f000 00:32 552667391                  /usr/lib/libraw1394.so.11
7e6256212000-7e625621d000 r--p 00000000 fc:01 8946666                    /usr/lib/x86_64-linux-gnu/libpocketsphinx.so.3.0.0
7e625621d000-7e625624b000 r-xp 0000b000 fc:01 8946666                    /usr/lib/x86_64-linux-gnu/libpocketsphinx.so.3.0.0
7e625624b000-7e6256258000 r--p 00039000 fc:01 8946666                    /usr/lib/x86_64-linux-gnu/libpocketsphinx.so.3.0.0
7e6256258000-7e625625a000 r--p 00045000 fc:01 8946666                    /usr/lib/x86_64-linux-gnu/libpocketsphinx.so.3.0.0
7e625625a000-7e625625b000 rw-p 00047000 fc:01 8946666                    /usr/lib/x86_64-linux-gnu/libpocketsphinx.so.3.0.0
7e625625b000-7e6256261000 r--p 00000000 fc:01 8947064                    /usr/lib/x86_64-linux-gnu/libvpl.so.2.9
7e6256261000-7e6256288000 r-xp 00006000 fc:01 8947064                    /usr/lib/x86_64-linux-gnu/libvpl.so.2.9
7e6256288000-7e6256290000 r--p 0002d000 fc:01 8947064                    /usr/lib/x86_64-linux-gnu/libvpl.so.2.9
7e6256290000-7e6256292000 r--p 00035000 fc:01 8947064                    /usr/lib/x86_64-linux-gnu/libvpl.so.2.9
7e6256292000-7e6256293000 rw-p 00037000 fc:01 8947064                    /usr/lib/x86_64-linux-gnu/libvpl.so.2.9
7e6256293000-7e6256295000 r--p 00000000 00:32 552669723                  /usr/lib/libwebp.so.7
7e6256295000-7e62562eb000 r-xp 00002000 00:32 552669723                  /usr/lib/libwebp.so.7
7e62562eb000-7e62562fc000 r--p 00058000 00:32 552669723                  /usr/lib/libwebp.so.7
7e62562fc000-7e62562fd000 r--p 00068000 00:32 552669723                  /usr/lib/libwebp.so.7
7e62562fd000-7e62562fe000 rw-p 00069000 00:32 552669723                  /usr/lib/libwebp.so.7
7e62562fe000-7e6256300000 rw-p 00000000 00:00 0 
7e6256300000-7e6256304000 ---p 00000000 00:00 0 
7e6256304000-7e6256400000 rw-p 00000000 00:00 0 
7e6256500000-7e6256501000 r--p 00000000 00:32 552667463                  /usr/lib/librom1394.so.0
7e6256501000-7e6256503000 r-xp 00001000 00:32 552667463                  /usr/lib/librom1394.so.0
7e6256503000-7e6256504000 r--p 00003000 00:32 552667463                  /usr/lib/librom1394.so.0
7e6256504000-7e6256505000 r--p 00003000 00:32 552667463                  /usr/lib/librom1394.so.0
7e6256505000-7e6256506000 rw-p 00004000 00:32 552667463                  /usr/lib/librom1394.so.0
7e6256506000-7e6256508000 r--p 00000000 00:32 244387527                  /usr/lib/libacl.so.1
7e6256508000-7e625650c000 r-xp 00002000 00:32 244387527                  /usr/lib/libacl.so.1
7e625650c000-7e625650d000 r--p 00006000 00:32 244387527                  /usr/lib/libacl.so.1
7e625650d000-7e625650e000 ---p 00007000 00:32 244387527                  /usr/lib/libacl.so.1
7e625650e000-7e625650f000 r--p 00007000 00:32 244387527                  /usr/lib/libacl.so.1
7e625650f000-7e6256510000 rw-p 00008000 00:32 244387527                  /usr/lib/libacl.so.1
7e6256510000-7e6256514000 r--p 00000000 00:32 552667359                  /usr/lib/librabbitmq.so.4
7e6256514000-7e6256521000 r-xp 00004000 00:32 552667359                  /usr/lib/librabbitmq.so.4
7e6256521000-7e6256526000 r--p 00011000 00:32 552667359                  /usr/lib/librabbitmq.so.4
7e6256526000-7e6256527000 r--p 00015000 00:32 552667359                  /usr/lib/librabbitmq.so.4
7e6256527000-7e6256528000 rw-p 00016000 00:32 552667359                  /usr/lib/librabbitmq.so.4
7e6256528000-7e625653c000 r--p 00000000 00:32 552669503                  /usr/lib/libvorbisenc.so.2
7e625653c000-7e625653f000 r-xp 00014000 00:32 552669503                  /usr/lib/libvorbisenc.so.2
7e625653f000-7e62565b6000 r--p 00017000 00:32 552669503                  /usr/lib/libvorbisenc.so.2
7e62565b6000-7e62565d2000 r--p 0008d000 00:32 552669503                  /usr/lib/libvorbisenc.so.2
7e62565d2000-7e62565d3000 rw-p 000a9000 00:32 552669503                  /usr/lib/libvorbisenc.so.2
7e62565d3000-7e62565d6000 r--p 00000000 00:32 552669463                  /usr/lib/libvorbis.so.0
7e62565d6000-7e62565ed000 r-xp 00003000 00:32 552669463                  /usr/lib/libvorbis.so.0
7e62565ed000-7e62565fe000 r--p 0001a000 00:32 552669463                  /usr/lib/libvorbis.so.0
7e62565fe000-7e62565ff000 r--p 0002a000 00:32 552669463                  /usr/lib/libvorbis.so.0
7e62565ff000-7e6256600000 rw-p 0002b000 00:32 552669463                  /usr/lib/libvorbis.so.0
7e6256602000-7e625660e000 r--p 00000000 fc:01 8915808                    /usr/lib/x86_64-linux-gnu/pipewire-0.3/libpipewire-module-client-node.so
7e625660e000-7e625662f000 r-xp 0000c000 fc:01 8915808                    /usr/lib/x86_64-linux-gnu/pipewire-0.3/libpipewire-module-client-node.so
7e625662f000-7e6256639000 r--p 0002d000 fc:01 8915808                    /usr/lib/x86_64-linux-gnu/pipewire-0.3/libpipewire-module-client-node.so
7e6256639000-7e6256643000 r--p 00037000 fc:01 8915808                    /usr/lib/x86_64-linux-gnu/pipewire-0.3/libpipewire-module-client-node.so
7e6256643000-7e6256644000 rw-p 00041000 fc:01 8915808                    /usr/lib/x86_64-linux-gnu/pipewire-0.3/libpipewire-module-client-node.so
7e6256644000-7e6256664000 rw-s 10b853000 00:0f 1059                      anon_inode:i915.gem
7e6256664000-7e625666c000 r--p 00000000 fc:01 8919564                    /usr/lib/x86_64-linux-gnu/libigdgmm.so.12.3.0
7e625666c000-7e62566f5000 r-xp 00008000 fc:01 8919564                    /usr/lib/x86_64-linux-gnu/libigdgmm.so.12.3.0
7e62566f5000-7e62566fd000 r--p 00091000 fc:01 8919564                    /usr/lib/x86_64-linux-gnu/libigdgmm.so.12.3.0
7e62566fd000-7e62566ff000 r--p 00099000 fc:01 8919564                    /usr/lib/x86_64-linux-gnu/libigdgmm.so.12.3.0
7e62566ff000-7e6256700000 rw-p 0009b000 fc:01 8919564                    /usr/lib/x86_64-linux-gnu/libigdgmm.so.12.3.0
7e6256700000-7e6256706000 r--p 00000000 00:32 244387223                  /usr/lib/libOpenCL.so.1
7e6256706000-7e625670c000 r-xp 00006000 00:32 244387223                  /usr/lib/libOpenCL.so.1
7e625670c000-7e6256710000 r--p 0000c000 00:32 244387223                  /usr/lib/libOpenCL.so.1
7e6256710000-7e6256711000 r--p 0000f000 00:32 244387223                  /usr/lib/libOpenCL.so.1
7e6256711000-7e6256712000 rw-p 00010000 00:32 244387223                  /usr/lib/libOpenCL.so.1
7e6256712000-7e6256716000 r--p 00000000 fc:01 8947050                    /usr/lib/x86_64-linux-gnu/libvidstab.so.1.1
7e6256716000-7e6256722000 r-xp 00004000 fc:01 8947050                    /usr/lib/x86_64-linux-gnu/libvidstab.so.1.1
7e6256722000-7e6256725000 r--p 00010000 fc:01 8947050                    /usr/lib/x86_64-linux-gnu/libvidstab.so.1.1
7e6256725000-7e6256726000 r--p 00012000 fc:01 8947050                    /usr/lib/x86_64-linux-gnu/libvidstab.so.1.1
7e6256726000-7e6256727000 rw-p 00013000 fc:01 8947050                    /usr/lib/x86_64-linux-gnu/libvidstab.so.1.1
7e6256727000-7e6256728000 r--p 00000000 fc:01 8913092                    /usr/lib/x86_64-linux-gnu/libvo-amrwbenc.so.0.0.4
7e6256728000-7e625673c000 r-xp 00001000 fc:01 8913092                    /usr/lib/x86_64-linux-gnu/libvo-amrwbenc.so.0.0.4
7e625673c000-7e625673e000 r--p 00015000 fc:01 8913092                    /usr/lib/x86_64-linux-gnu/libvo-amrwbenc.so.0.0.4
7e625673e000-7e625673f000 r--p 00016000 fc:01 8913092                    /usr/lib/x86_64-linux-gnu/libvo-amrwbenc.so.0.0.4
7e625673f000-7e6256745000 rw-p 00017000 fc:01 8913092                    /usr/lib/x86_64-linux-gnu/libvo-amrwbenc.so.0.0.4
7e6256745000-7e6256747000 r--p 00000000 00:32 552669199                  /usr/lib/libtwolame.so.0
7e6256747000-7e6256755000 r-xp 00002000 00:32 552669199                  /usr/lib/libtwolame.so.0
7e6256755000-7e6256764000 r--p 00010000 00:32 552669199                  /usr/lib/libtwolame.so.0
7e6256764000-7e6256765000 r--p 0001e000 00:32 552669199                  /usr/lib/libtwolame.so.0
7e6256765000-7e6256766000 rw-p 0001f000 00:32 552669199                  /usr/lib/libtwolame.so.0
7e6256766000-7e625676a000 rw-p 00000000 00:00 0 
7e625676a000-7e625676c000 r--p 00000000 00:32 552669067                  /usr/lib/libtheoraenc.so.1
7e625676c000-7e625678e000 r-xp 00002000 00:32 552669067                  /usr/lib/libtheoraenc.so.1
7e625678e000-7e625679f000 r--p 00024000 00:32 552669067                  /usr/lib/libtheoraenc.so.1
7e625679f000-7e62567a0000 ---p 00035000 00:32 552669067                  /usr/lib/libtheoraenc.so.1
7e62567a0000-7e62567a1000 r--p 00035000 00:32 552669067                  /usr/lib/libtheoraenc.so.1
7e62567a1000-7e62567a2000 rw-p 00036000 00:32 552669067                  /usr/lib/libtheoraenc.so.1
7e62567a2000-7e62567a5000 r--p 00000000 00:32 552666667                  /usr/lib/libopus.so.0
7e62567a5000-7e62567eb000 r-xp 00003000 00:32 552666667                  /usr/lib/libopus.so.0
7e62567eb000-7e62567fd000 r--p 00049000 00:32 552666667                  /usr/lib/libopus.so.0
7e62567fd000-7e62567fe000 ---p 0005b000 00:32 552666667                  /usr/lib/libopus.so.0
7e62567fe000-7e62567ff000 r--p 0005b000 00:32 552666667                  /usr/lib/libopus.so.0
7e62567ff000-7e6256800000 rw-p 0005c000 00:32 552666667                  /usr/lib/libopus.so.0
7e6256a04000-7e6256a06000 r--p 00000000 00:32 552666239                  /usr/lib/libmysofa.so.1
7e6256a06000-7e6256a11000 r-xp 00002000 00:32 552666239                  /usr/lib/libmysofa.so.1
7e6256a11000-7e6256a13000 r--p 0000d000 00:32 552666239                  /usr/lib/libmysofa.so.1
7e6256a13000-7e6256a14000 r--p 0000e000 00:32 552666239                  /usr/lib/libmysofa.so.1
7e6256a14000-7e6256a15000 rw-p 0000f000 00:32 552666239                  /usr/lib/libmysofa.so.1
7e6256a15000-7e6256a17000 r--p 00000000 00:32 552669035                  /usr/lib/libtheoradec.so.1
7e6256a17000-7e6256a2e000 r-xp 00002000 00:32 552669035                  /usr/lib/libtheoradec.so.1
7e6256a2e000-7e6256a30000 r--p 00019000 00:32 552669035                  /usr/lib/libtheoradec.so.1
7e6256a30000-7e6256a31000 ---p 0001b000 00:32 552669035                  /usr/lib/libtheoradec.so.1
7e6256a31000-7e6256a32000 r--p 0001b000 00:32 552669035                  /usr/lib/libtheoradec.so.1
7e6256a32000-7e6256a33000 rw-p 0001c000 00:32 552669035                  /usr/lib/libtheoradec.so.1
7e6256a33000-7e6256a36000 r--p 00000000 00:32 552666511                  /usr/lib/libopenjp2.so.7
7e6256a36000-7e6256a79000 r-xp 00003000 00:32 552666511                  /usr/lib/libopenjp2.so.7
7e6256a79000-7e6256a88000 r--p 00046000 00:32 552666511                  /usr/lib/libopenjp2.so.7
7e6256a88000-7e6256a89000 ---p 00055000 00:32 552666511                  /usr/lib/libopenjp2.so.7
7e6256a89000-7e6256a8a000 r--p 00055000 00:32 552666511                  /usr/lib/libopenjp2.so.7
7e6256a8a000-7e6256a8b000 rw-p 00056000 00:32 552666511                  /usr/lib/libopenjp2.so.7
7e6256a8b000-7e6256a91000 r--p 00000000 00:32 552666039                  /usr/lib/libmp3lame.so.0
7e6256a91000-7e6256ac0000 r-xp 00006000 00:32 552666039                  /usr/lib/libmp3lame.so.0
7e6256ac0000-7e6256ad1000 r--p 00035000 00:32 552666039                  /usr/lib/libmp3lame.so.0
7e6256ad1000-7e6256ad2000 r--p 00045000 00:32 552666039                  /usr/lib/libmp3lame.so.0
7e6256ad2000-7e6256ad3000 rw-p 00046000 00:32 552666039                  /usr/lib/libmp3lame.so.0
7e6256ad3000-7e6256b00000 rw-p 00000000 00:00 0 
7e6256c01000-7e6256c06000 r--p 00000000 fc:01 8946354                    /usr/lib/x86_64-linux-gnu/liblilv-0.so.0.24.22
7e6256c06000-7e6256c13000 r-xp 00005000 fc:01 8946354                    /usr/lib/x86_64-linux-gnu/liblilv-0.so.0.24.22
7e6256c13000-7e6256c18000 r--p 00012000 fc:01 8946354                    /usr/lib/x86_64-linux-gnu/liblilv-0.so.0.24.22
7e6256c18000-7e6256c19000 r--p 00016000 fc:01 8946354                    /usr/lib/x86_64-linux-gnu/liblilv-0.so.0.24.22
7e6256c19000-7e6256c1a000 rw-p 00017000 fc:01 8946354                    /usr/lib/x86_64-linux-gnu/liblilv-0.so.0.24.22
7e6256c1a000-7e6256c31000 r--p 00000000 00:32 552670779                  /usr/lib/libzvbi.so.0
7e6256c31000-7e6256c79000 r-xp 00017000 00:32 552670779                  /usr/lib/libzvbi.so.0
7e6256c79000-7e6256c93000 r--p 0005f000 00:32 552670779                  /usr/lib/libzvbi.so.0
7e6256c93000-7e6256c94000 ---p 00079000 00:32 552670779                  /usr/lib/libzvbi.so.0
7e6256c94000-7e6256c9d000 r--p 00079000 00:32 552670779                  /usr/lib/libzvbi.so.0
7e6256c9d000-7e6256ca9000 rw-p 00082000 00:32 552670779                  /usr/lib/libzvbi.so.0
7e6256ca9000-7e6256cb8000 r--p 00000000 00:32 244390887                  /usr/lib/libgobject-2.0.so.0
7e6256cb8000-7e6256ceb000 r-xp 0000f000 00:32 244390887                  /usr/lib/libgobject-2.0.so.0
7e6256ceb000-7e6256d05000 r--p 00042000 00:32 244390887                  /usr/lib/libgobject-2.0.so.0
7e6256d05000-7e6256d08000 r--p 0005b000 00:32 244390887                  /usr/lib/libgobject-2.0.so.0
7e6256d08000-7e6256d09000 rw-p 0005e000 00:32 244390887                  /usr/lib/libgobject-2.0.so.0
7e6256d09000-7e6256d0c000 r--p 00000000 fc:01 8916710                    /usr/lib/x86_64-linux-gnu/libva.so.2.2000.0
7e6256d0c000-7e6256d27000 r-xp 00003000 fc:01 8916710                    /usr/lib/x86_64-linux-gnu/libva.so.2.2000.0
7e6256d27000-7e6256d37000 r--p 0001e000 fc:01 8916710                    /usr/lib/x86_64-linux-gnu/libva.so.2.2000.0
7e6256d37000-7e6256d38000 r--p 0002d000 fc:01 8916710                    /usr/lib/x86_64-linux-gnu/libva.so.2.2000.0
7e6256d38000-7e6256d39000 rw-p 0002e000 fc:01 8916710                    /usr/lib/x86_64-linux-gnu/libva.so.2.2000.0
7e6256d39000-7e6256d3f000 r--p 00000000 fc:01 8947071                    /usr/lib/x86_64-linux-gnu/libvulkan.so.1.3.275
7e6256d3f000-7e6256d8b000 r-xp 00006000 fc:01 8947071                    /usr/lib/x86_64-linux-gnu/libvulkan.so.1.3.275
7e6256d8b000-7e6256db5000 r--p 00052000 fc:01 8947071                    /usr/lib/x86_64-linux-gnu/libvulkan.so.1.3.275
7e6256db5000-7e6256db6000 r--p 0007b000 fc:01 8947071                    /usr/lib/x86_64-linux-gnu/libvulkan.so.1.3.275
7e6256db6000-7e6256db7000 rw-p 0007c000 fc:01 8947071                    /usr/lib/x86_64-linux-gnu/libvulkan.so.1.3.275
7e6256db7000-7e6256dbc000 r--p 00000000 fc:01 8947178                    /usr/lib/x86_64-linux-gnu/libxkbcommon.so.0.0.0
7e6256dbc000-7e6256ddc000 r-xp 00005000 fc:01 8947178                    /usr/lib/x86_64-linux-gnu/libxkbcommon.so.0.0.0
7e6256ddc000-7e6256dfd000 r--p 00025000 fc:01 8947178                    /usr/lib/x86_64-linux-gnu/libxkbcommon.so.0.0.0
7e6256dfd000-7e6256dff000 r--p 00045000 fc:01 8947178                    /usr/lib/x86_64-linux-gnu/libxkbcommon.so.0.0.0
7e6256dff000-7e6256e00000 rw-p 00047000 fc:01 8947178                    /usr/lib/x86_64-linux-gnu/libxkbcommon.so.0.0.0
7e6257001000-7e6257003000 r--p 00000000 00:32 244389243                  /usr/lib/libchromaprint.so.1
7e6257003000-7e625700b000 r-xp 00002000 00:32 244389243                  /usr/lib/libchromaprint.so.1
7e625700b000-7e625700e000 r--p 0000a000 00:32 244389243                  /usr/lib/libchromaprint.so.1
7e625700e000-7e625700f000 r--p 0000c000 00:32 244389243                  /usr/lib/libchromaprint.so.1
7e625700f000-7e6257010000 rw-p 0000d000 00:32 244389243                  /usr/lib/libchromaprint.so.1
7e6257010000-7e6257012000 r--p 00000000 fc:01 8945622                    /usr/lib/x86_64-linux-gnu/libbs2b.so.0.0.0
7e6257012000-7e6257014000 r-xp 00002000 fc:01 8945622                    /usr/lib/x86_64-linux-gnu/libbs2b.so.0.0.0
7e6257014000-7e6257015000 r--p 00004000 fc:01 8945622                    /usr/lib/x86_64-linux-gnu/libbs2b.so.0.0.0
7e6257015000-7e6257016000 r--p 00004000 fc:01 8945622                    /usr/lib/x86_64-linux-gnu/libbs2b.so.0.0.0
7e6257016000-7e6257017000 rw-p 00005000 fc:01 8945622                    /usr/lib/x86_64-linux-gnu/libbs2b.so.0.0.0
7e6257017000-7e625703b000 r--p 00000000 fc:01 8946822                    /usr/lib/x86_64-linux-gnu/libsixel.so.1.0.0
7e625703b000-7e625705e000 r-xp 00024000 fc:01 8946822                    /usr/lib/x86_64-linux-gnu/libsixel.so.1.0.0
7e625705e000-7e6257067000 r--p 00047000 fc:01 8946822                    /usr/lib/x86_64-linux-gnu/libsixel.so.1.0.0
7e6257067000-7e625707e000 r--p 0004f000 fc:01 8946822                    /usr/lib/x86_64-linux-gnu/libsixel.so.1.0.0
7e625707e000-7e625707f000 rw-p 00066000 fc:01 8946822                    /usr/lib/x86_64-linux-gnu/libsixel.so.1.0.0
7e625707f000-7e6257083000 r--p 00000000 00:32 552665451                  /usr/lib/libjpeg.so.8
7e6257083000-7e62570cc000 r-xp 00004000 00:32 552665451                  /usr/lib/libjpeg.so.8
7e62570cc000-7e62570fe000 r--p 0004d000 00:32 552665451                  /usr/lib/libjpeg.so.8
7e62570fe000-7e62570ff000 r--p 0007e000 00:32 552665451                  /usr/lib/libjpeg.so.8
7e62570ff000-7e6257100000 rw-p 0007f000 00:32 552665451                  /usr/lib/libjpeg.so.8
7e6257501000-7e6257502000 r--p 00000000 fc:01 8913007                    /usr/lib/x86_64-linux-gnu/libopencore-amrnb.so.0.0.5
7e6257502000-7e625751e000 r-xp 00001000 fc:01 8913007                    /usr/lib/x86_64-linux-gnu/libopencore-amrnb.so.0.0.5
7e625751e000-7e6257528000 r--p 0001d000 fc:01 8913007                    /usr/lib/x86_64-linux-gnu/libopencore-amrnb.so.0.0.5
7e6257528000-7e6257529000 r--p 00026000 fc:01 8913007                    /usr/lib/x86_64-linux-gnu/libopencore-amrnb.so.0.0.5
7e6257529000-7e625752a000 rw-p 00027000 fc:01 8913007                    /usr/lib/x86_64-linux-gnu/libopencore-amrnb.so.0.0.5
7e625752a000-7e6257533000 r--p 00000000 00:32 244389015                  /usr/lib/libcaca.so.0
7e6257533000-7e6257548000 r-xp 00009000 00:32 244389015                  /usr/lib/libcaca.so.0
7e6257548000-7e62575f3000 r--p 0001e000 00:32 244389015                  /usr/lib/libcaca.so.0
7e62575f3000-7e62575f4000 r--p 000c8000 00:32 244389015                  /usr/lib/libcaca.so.0
7e62575f4000-7e62575f5000 rw-p 000c9000 00:32 244389015                  /usr/lib/libcaca.so.0
7e62575f5000-7e62575f6000 rw-p 00000000 00:00 0 
7e62575f6000-7e6257621000 r--p 00000000 fc:01 8914004                    /usr/lib/x86_64-linux-gnu/libasound.so.2.0.0
7e6257621000-7e62576c0000 r-xp 0002b000 fc:01 8914004                    /usr/lib/x86_64-linux-gnu/libasound.so.2.0.0
7e62576c0000-7e62576f8000 r--p 000ca000 fc:01 8914004                    /usr/lib/x86_64-linux-gnu/libasound.so.2.0.0
7e62576f8000-7e62576ff000 r--p 00101000 fc:01 8914004                    /usr/lib/x86_64-linux-gnu/libasound.so.2.0.0
7e62576ff000-7e6257700000 rw-p 00108000 fc:01 8914004                    /usr/lib/x86_64-linux-gnu/libasound.so.2.0.0
7e6257802000-7e6257805000 r--p 00000000 00:32 552668443                  /usr/lib/libspeex.so.1
7e6257805000-7e6257818000 r-xp 00003000 00:32 552668443                  /usr/lib/libspeex.so.1
7e6257818000-7e625781e000 r--p 00016000 00:32 552668443                  /usr/lib/libspeex.so.1
7e625781e000-7e625781f000 r--p 0001b000 00:32 552668443                  /usr/lib/libspeex.so.1
7e625781f000-7e6257820000 rw-p 0001c000 00:32 552668443                  /usr/lib/libspeex.so.1
7e6257820000-7e6257853000 r--p 00000000 fc:01 8916415                    /usr/lib/x86_64-linux-gnu/libpipewire-0.3.so.0.1005.0
7e6257853000-7e62578ba000 r-xp 00033000 fc:01 8916415                    /usr/lib/x86_64-linux-gnu/libpipewire-0.3.so.0.1005.0
7e62578ba000-7e62578d3000 r--p 0009a000 fc:01 8916415                    /usr/lib/x86_64-linux-gnu/libpipewire-0.3.so.0.1005.0
7e62578d3000-7e62578fe000 r--p 000b2000 fc:01 8916415                    /usr/lib/x86_64-linux-gnu/libpipewire-0.3.so.0.1005.0
7e62578fe000-7e62578ff000 rw-p 000dd000 fc:01 8916415                    /usr/lib/x86_64-linux-gnu/libpipewire-0.3.so.0.1005.0
7e62578ff000-7e6257900000 rw-p 00000000 00:00 0 
7e6257a04000-7e6257a10000 r--p 00000000 00:32 552667263                  /usr/lib/libpulse.so.0
7e6257a10000-7e6257a40000 r-xp 0000c000 00:32 552667263                  /usr/lib/libpulse.so.0
7e6257a40000-7e6257a56000 r--p 0003c000 00:32 552667263                  /usr/lib/libpulse.so.0
7e6257a56000-7e6257a58000 r--p 00051000 00:32 552667263                  /usr/lib/libpulse.so.0
7e6257a58000-7e6257a59000 rw-p 00053000 00:32 552667263                  /usr/lib/libpulse.so.0
7e6257a59000-7e6257a66000 r--p 00000000 fc:01 8947216                    /usr/lib/x86_64-linux-gnu/libzimg.so.2.0.0
7e6257a66000-7e6257b0c000 r-xp 0000d000 fc:01 8947216                    /usr/lib/x86_64-linux-gnu/libzimg.so.2.0.0
7e6257b0c000-7e6257b1f000 r--p 000b3000 fc:01 8947216                    /usr/lib/x86_64-linux-gnu/libzimg.so.2.0.0
7e6257b1f000-7e6257b23000 r--p 000c6000 fc:01 8947216                    /usr/lib/x86_64-linux-gnu/libzimg.so.2.0.0
7e6257b23000-7e6257b24000 rw-p 000ca000 fc:01 8947216                    /usr/lib/x86_64-linux-gnu/libzimg.so.2.0.0
7e6257b24000-7e6257b50000 r--p 00000000 fc:01 8913288                    /usr/lib/x86_64-linux-gnu/libSDL2-2.0.so.0.3000.0
7e6257b50000-7e6257c84000 r-xp 0002c000 fc:01 8913288                    /usr/lib/x86_64-linux-gnu/libSDL2-2.0.so.0.3000.0
7e6257c84000-7e6257cea000 r--p 00160000 fc:01 8913288                    /usr/lib/x86_64-linux-gnu/libSDL2-2.0.so.0.3000.0
7e6257cea000-7e6257cf3000 r--p 001c6000 fc:01 8913288                    /usr/lib/x86_64-linux-gnu/libSDL2-2.0.so.0.3000.0
7e6257cf3000-7e6257cfa000 rw-p 001cf000 fc:01 8913288                    /usr/lib/x86_64-linux-gnu/libSDL2-2.0.so.0.3000.0
7e6257cfa000-7e6257d00000 rw-p 00000000 00:00 0 
7e6257e02000-7e6257e03000 r--p 00000000 fc:01 8946682                    /usr/lib/x86_64-linux-gnu/libpostproc.so.57.3.100
7e6257e03000-7e6257e14000 r-xp 00001000 fc:01 8946682                    /usr/lib/x86_64-linux-gnu/libpostproc.so.57.3.100
7e6257e14000-7e6257e16000 r--p 00012000 fc:01 8946682                    /usr/lib/x86_64-linux-gnu/libpostproc.so.57.3.100
7e6257e16000-7e6257e17000 r--p 00013000 fc:01 8946682                    /usr/lib/x86_64-linux-gnu/libpostproc.so.57.3.100
7e6257e17000-7e6257e18000 rw-p 00014000 fc:01 8946682                    /usr/lib/x86_64-linux-gnu/libpostproc.so.57.3.100
7e6257e18000-7e6257e19000 r--p 00000000 fc:01 8913384                    /usr/lib/x86_64-linux-gnu/libjxl_threads.so.0.7.0
7e6257e19000-7e6257e1b000 r-xp 00001000 fc:01 8913384                    /usr/lib/x86_64-linux-gnu/libjxl_threads.so.0.7.0
7e6257e1b000-7e6257e1c000 r--p 00003000 fc:01 8913384                    /usr/lib/x86_64-linux-gnu/libjxl_threads.so.0.7.0
7e6257e1c000-7e6257e1d000 r--p 00003000 fc:01 8913384                    /usr/lib/x86_64-linux-gnu/libjxl_threads.so.0.7.0
7e6257e1d000-7e6257e1e000 rw-p 00004000 fc:01 8913384                    /usr/lib/x86_64-linux-gnu/libjxl_threads.so.0.7.0
7e6257e1e000-7e6257e1f000 r--p 00000000 00:32 244391015                  /usr/lib/libgsm.so.1
7e6257e1f000-7e6257e29000 r-xp 00001000 00:32 244391015                  /usr/lib/libgsm.so.1
7e6257e29000-7e6257e2b000 r--p 0000b000 00:32 244391015                  /usr/lib/libgsm.so.1
7e6257e2b000-7e6257e2c000 r--p 0000d000 00:32 244391015                  /usr/lib/libgsm.so.1
7e6257e2c000-7e6257e2d000 rw-p 0000e000 00:32 244391015                  /usr/lib/libgsm.so.1
7e6257e2d000-7e6257e3a000 r--p 00000000 fc:01 8946775                    /usr/lib/x86_64-linux-gnu/librubberband.so.2.3.0
7e6257e3a000-7e6257e6f000 r-xp 0000d000 fc:01 8946775                    /usr/lib/x86_64-linux-gnu/librubberband.so.2.3.0
7e6257e6f000-7e6257e7a000 r--p 00042000 fc:01 8946775                    /usr/lib/x86_64-linux-gnu/librubberband.so.2.3.0
7e6257e7a000-7e6257e7c000 r--p 0004c000 fc:01 8946775                    /usr/lib/x86_64-linux-gnu/librubberband.so.2.3.0
7e6257e7c000-7e6257e7d000 rw-p 0004e000 fc:01 8946775                    /usr/lib/x86_64-linux-gnu/librubberband.so.2.3.0
7e6257e7d000-7e6257e82000 r--p 00000000 00:32 244388835                  /usr/lib/libbluray.so.2
7e6257e82000-7e6257ec1000 r-xp 00005000 00:32 244388835                  /usr/lib/libbluray.so.2
7e6257ec1000-7e6257ed1000 r--p 00044000 00:32 244388835                  /usr/lib/libbluray.so.2
7e6257ed1000-7e6257ed3000 r--p 00053000 00:32 244388835                  /usr/lib/libbluray.so.2
7e6257ed3000-7e6257ed4000 rw-p 00055000 00:32 244388835                  /usr/lib/libbluray.so.2
7e6257ed4000-7e6257ee6000 r--p 00000000 00:32 244387875                  /usr/lib/libarchive.so.13
7e6257ee6000-7e6257f70000 r-xp 00012000 00:32 244387875                  /usr/lib/libarchive.so.13
7e6257f70000-7e6257f99000 r--p 0009c000 00:32 244387875                  /usr/lib/libarchive.so.13
7e6257f99000-7e6257f9d000 r--p 000c4000 00:32 244387875                  /usr/lib/libarchive.so.13
7e6257f9d000-7e6257f9e000 rw-p 000c8000 00:32 244387875                  /usr/lib/libarchive.so.13
7e6257f9e000-7e6257fa8000 r--p 00000000 fc:01 8915462                    /usr/lib/x86_64-linux-gnu/liblcms2.so.2.0.14
7e6257fa8000-7e6257fe7000 r-xp 0000a000 fc:01 8915462                    /usr/lib/x86_64-linux-gnu/liblcms2.so.2.0.14
7e6257fe7000-7e6257ff9000 r--p 00049000 fc:01 8915462                    /usr/lib/x86_64-linux-gnu/liblcms2.so.2.0.14
7e6257ff9000-7e6257ffb000 r--p 0005b000 fc:01 8915462                    /usr/lib/x86_64-linux-gnu/liblcms2.so.2.0.14
7e6257ffb000-7e6257ffe000 rw-p 0005d000 fc:01 8915462                    /usr/lib/x86_64-linux-gnu/liblcms2.so.2.0.14
7e6257ffe000-7e625bf4b000 rw-p 00000000 00:00 0 
7e625bf4b000-7e625c000000 ---p 00000000 00:00 0 
7e625c000000-7e625c127000 rw-p 00000000 00:00 0 
7e625c127000-7e6260000000 ---p 00000000 00:00 0 
7e6262700000-7e6262704000 ---p 00000000 00:00 0 
7e6262704000-7e6262800000 rw-p 00000000 00:00 0 
7e6262f00000-7e6262f04000 ---p 00000000 00:00 0 
7e6262f04000-7e6263000000 rw-p 00000000 00:00 0 
7e6263400000-7e6263404000 ---p 00000000 00:00 0 
7e6263404000-7e6263500000 rw-p 00000000 00:00 0 
7e6263900000-7e6263904000 ---p 00000000 00:00 0 
7e6263904000-7e6263a00000 rw-p 00000000 00:00 0 
7e6264000000-7e626407f000 rw-p 00000000 00:00 0 
7e626407f000-7e6268000000 ---p 00000000 00:00 0 
7e6268000000-7e6268bf7000 rw-p 00000000 00:00 0 
7e6268bf7000-7e626c000000 ---p 00000000 00:00 0 
7e626c000000-7e626c063000 rw-p 00000000 00:00 0 
7e626c063000-7e6270000000 ---p 00000000 00:00 0 
7e6270000000-7e6270095000 rw-p 00000000 00:00 0 
7e6270095000-7e6274000000 ---p 00000000 00:00 0 
7e6274000000-7e62740b1000 rw-p 00000000 00:00 0 
7e62740b1000-7e6278000000 ---p 00000000 00:00 0 
7e6278000000-7e6278095000 rw-p 00000000 00:00 0 
7e6278095000-7e627c000000 ---p 00000000 00:00 0 
7e627c000000-7e627c08a000 rw-p 00000000 00:00 0 
7e627c08a000-7e6280000000 ---p 00000000 00:00 0 
7e6280000000-7e6280079000 rw-p 00000000 00:00 0 
7e6280079000-7e6284000000 ---p 00000000 00:00 0 
7e6284000000-7e62844c4000 rw-p 00000000 00:00 0 
7e62844c4000-7e6288000000 ---p 00000000 00:00 0 
7e6288000000-7e6288056000 rw-p 00000000 00:00 0 
7e6288056000-7e628c000000 ---p 00000000 00:00 0 
7e628c000000-7e628c4f0000 rw-p 00000000 00:00 0 
7e628c4f0000-7e628c5f0000 rw-p 00000000 00:00 0 
7e628c5f0000-7e628cef0000 rw-p 00000000 00:00 0 
7e628cef0000-7e628cfd0000 rw-p 00000000 00:00 0 
7e628cfd0000-7e628d000000 ---p 00000000 00:00 0 
7e628d000000-7e628d720000 rw-p 00000000 00:00 0 
7e628d720000-7e6290000000 ---p 00000000 00:00 0 
7e6290000000-7e6290131000 rw-p 00000000 00:00 0 
7e6290131000-7e6294000000 ---p 00000000 00:00 0 
7e6294000000-7e62942ac000 rw-p 00000000 00:00 0 
7e62942ac000-7e6298000000 ---p 00000000 00:00 0 
7e6298000000-7e62982b9000 rw-p 00000000 00:00 0 
7e62982b9000-7e629c000000 ---p 00000000 00:00 0 
7e629c000000-7e629c1e0000 rw-p 00000000 00:00 0 
7e629c1e0000-7e62a0000000 ---p 00000000 00:00 0 
7e62a0000000-7e62a008a000 rw-p 00000000 00:00 0 
7e62a008a000-7e62a4000000 ---p 00000000 00:00 0 
7e62a4000000-7e62a41e7000 rw-p 00000000 00:00 0 
7e62a41e7000-7e62a8000000 ---p 00000000 00:00 0 
7e62a8000000-7e62a859e000 rw-p 00000000 00:00 0 
7e62a859e000-7e62ac000000 ---p 00000000 00:00 0 
7e62ac000000-7e62ac7f7000 rw-p 00000000 00:00 0 
7e62ac7f7000-7e62b0000000 ---p 00000000 00:00 0 
7e62b0000000-7e62b008f000 rw-p 00000000 00:00 0 
7e62b008f000-7e62b4000000 ---p 00000000 00:00 0 
7e62b4000000-7e62b45e9000 rw-p 00000000 00:00 0 
7e62b45e9000-7e62b8000000 ---p 00000000 00:00 0 
7e62b8000000-7e62b85d8000 rw-p 00000000 00:00 0 
7e62b85d8000-7e62bc000000 ---p 00000000 00:00 0 
7e62bc000000-7e62bc087000 rw-p 00000000 00:00 0 
7e62bc087000-7e62c0000000 ---p 00000000 00:00 0 
7e62c0000000-7e62c00a9000 rw-p 00000000 00:00 0 
7e62c00a9000-7e62c4000000 ---p 00000000 00:00 0 
7e62c4000000-7e62c4078000 rw-p 00000000 00:00 0 
7e62c4078000-7e62c8000000 ---p 00000000 00:00 0 
7e62c8000000-7e62c807a000 rw-p 00000000 00:00 0 
7e62c807a000-7e62cc000000 ---p 00000000 00:00 0 
7e62cc000000-7e62cc0ac000 rw-p 00000000 00:00 0 
7e62cc0ac000-7e62d0000000 ---p 00000000 00:00 0 
7e62d0000000-7e62d00c0000 rw-p 00000000 00:00 0 
7e62d00c0000-7e62d4000000 ---p 00000000 00:00 0 
7e62d4000000-7e62d4091000 rw-p 00000000 00:00 0 
7e62d4091000-7e62d8000000 ---p 00000000 00:00 0 
7e62d8000000-7e62d8189000 rw-p 00000000 00:00 0 
7e62d8189000-7e62dc000000 ---p 00000000 00:00 0 
7e62dc000000-7e62dffe1000 rw-p 00000000 00:00 0 
7e62dffe1000-7e62e0000000 ---p 00000000 00:00 0 
7e62e0000000-7e62e0178000 rw-p 00000000 00:00 0 
7e62e0178000-7e62e4000000 ---p 00000000 00:00 0 
7e62e4000000-7e62e407d000 rw-p 00000000 00:00 0 
7e62e407d000-7e62e8000000 ---p 00000000 00:00 0 
7e62e8000000-7e62e8947000 rw-p 00000000 00:00 0 
7e62e8947000-7e62ec000000 ---p 00000000 00:00 0 
7e62ec000000-7e62ec795000 rw-p 00000000 00:00 0 
7e62ec795000-7e62f0000000 ---p 00000000 00:00 0 
7e62f0000000-7e62f0077000 rw-p 00000000 00:00 0 
7e62f0077000-7e62f4000000 ---p 00000000 00:00 0 
7e62f4000000-7e62f4807000 rw-p 00000000 00:00 0 
7e62f4807000-7e62f8000000 ---p 00000000 00:00 0 
7e62f8000000-7e62f8001000 r--p 00000000 fc:01 8913072                    /usr/lib/x86_64-linux-gnu/libopencore-amrwb.so.0.0.5
7e62f8001000-7e62f800d000 r-xp 00001000 fc:01 8913072                    /usr/lib/x86_64-linux-gnu/libopencore-amrwb.so.0.0.5
7e62f800d000-7e62f8014000 r--p 0000d000 fc:01 8913072                    /usr/lib/x86_64-linux-gnu/libopencore-amrwb.so.0.0.5
7e62f8014000-7e62f8015000 r--p 00013000 fc:01 8913072                    /usr/lib/x86_64-linux-gnu/libopencore-amrwb.so.0.0.5
7e62f8015000-7e62f8016000 rw-p 00014000 fc:01 8913072                    /usr/lib/x86_64-linux-gnu/libopencore-amrwb.so.0.0.5
7e62f8016000-7e62f801a000 r--p 00000000 fc:01 8946974                    /usr/lib/x86_64-linux-gnu/libuchardet.so.0.0.8
7e62f801a000-7e62f8020000 r-xp 00004000 fc:01 8946974                    /usr/lib/x86_64-linux-gnu/libuchardet.so.0.0.8
7e62f8020000-7e62f8043000 r--p 0000a000 fc:01 8946974                    /usr/lib/x86_64-linux-gnu/libuchardet.so.0.0.8
7e62f8043000-7e62f8046000 r--p 0002c000 fc:01 8946974                    /usr/lib/x86_64-linux-gnu/libuchardet.so.0.0.8
7e62f8046000-7e62f8047000 rw-p 0002f000 fc:01 8946974                    /usr/lib/x86_64-linux-gnu/libuchardet.so.0.0.8
7e62f8047000-7e62f804a000 r--p 00000000 fc:01 8946900                    /usr/lib/x86_64-linux-gnu/libswscale.so.7.5.100
7e62f804a000-7e62f80cf000 r-xp 00003000 fc:01 8946900                    /usr/lib/x86_64-linux-gnu/libswscale.so.7.5.100
7e62f80cf000-7e62f80e1000 r--p 00088000 fc:01 8946900                    /usr/lib/x86_64-linux-gnu/libswscale.so.7.5.100
7e62f80e1000-7e62f80e3000 r--p 00099000 fc:01 8946900                    /usr/lib/x86_64-linux-gnu/libswscale.so.7.5.100
7e62f80e3000-7e62f80e4000 rw-p 0009b000 fc:01 8946900                    /usr/lib/x86_64-linux-gnu/libswscale.so.7.5.100
7e62f80e4000-7e62f80ec000 rw-p 00000000 00:00 0 
7e62f82ec000-7e62f82f0000 ---p 00000000 00:00 0 
7e62f82f0000-7e62f83ec000 rw-p 00000000 00:00 0 
7e62f8bec000-7e62f8bf0000 ---p 00000000 00:00 0 
7e62f8bf0000-7e62f8cec000 rw-p 00000000 00:00 0 
7e62f90ec000-7e62f90f0000 ---p 00000000 00:00 0 
7e62f90f0000-7e62f91ec000 rw-p 00000000 00:00 0 
7e62f93ec000-7e62f93f0000 ---p 00000000 00:00 0 
7e62f93f0000-7e62f94ec000 rw-p 00000000 00:00 0 
7e62f94ec000-7e62f94f0000 ---p 00000000 00:00 0 
7e62f94f0000-7e62f95ec000 rw-p 00000000 00:00 0 
7e62f95ec000-7e62f95f0000 ---p 00000000 00:00 0 
7e62f95f0000-7e62f96ec000 rw-p 00000000 00:00 0 
7e62f97ec000-7e62f97f0000 ---p 00000000 00:00 0 
7e62f97f0000-7e62f98ec000 rw-p 00000000 00:00 0 
7e62f99ec000-7e62f99f0000 ---p 00000000 00:00 0 
7e62f99f0000-7e62f9aec000 rw-p 00000000 00:00 0 
7e62fa1ef000-7e62fa1f1000 r--p 00000000 00:32 552669771                  /usr/lib/libwebpmux.so.3
7e62fa1f1000-7e62fa1f8000 r-xp 00002000 00:32 552669771                  /usr/lib/libwebpmux.so.3
7e62fa1f8000-7e62fa1fa000 r--p 00009000 00:32 552669771                  /usr/lib/libwebpmux.so.3
7e62fa1fa000-7e62fa1fb000 r--p 0000a000 00:32 552669771                  /usr/lib/libwebpmux.so.3
7e62fa1fb000-7e62fa1fc000 rw-p 0000b000 00:32 552669771                  /usr/lib/libwebpmux.so.3
7e62fa1fc000-7e62fa202000 r--p 00000000 00:32 552665727                  /usr/lib/liblua5.2.so.0
7e62fa202000-7e62fa225000 r-xp 00006000 00:32 552665727                  /usr/lib/liblua5.2.so.0
7e62fa225000-7e62fa22f000 r--p 00029000 00:32 552665727                  /usr/lib/liblua5.2.so.0
7e62fa22f000-7e62fa230000 ---p 00033000 00:32 552665727                  /usr/lib/liblua5.2.so.0
7e62fa230000-7e62fa232000 r--p 00033000 00:32 552665727                  /usr/lib/liblua5.2.so.0
7e62fa232000-7e62fa233000 rw-p 00035000 00:32 552665727                  /usr/lib/liblua5.2.so.0
7e62fa533000-7e62fa537000 ---p 00000000 00:00 0 
7e62fa537000-7e62fa633000 rw-p 00000000 00:00 0 
7e62fa633000-7e62fa637000 ---p 00000000 00:00 0 
7e62fa637000-7e62fa733000 rw-p 00000000 00:00 0 
7e62fa733000-7e62fa7ed000 r--p 00000000 fc:01 9068841                    /usr/share/fonts/truetype/dejavu/DejaVuSans.ttf
7e62fadf2000-7e62fadf8000 r--p 00000000 fc:01 8916001                    /usr/lib/x86_64-linux-gnu/libjack.so.0.0.28
7e62fadf8000-7e62fae04000 r-xp 00006000 fc:01 8916001                    /usr/lib/x86_64-linux-gnu/libjack.so.0.0.28
7e62fae04000-7e62fae09000 r--p 00012000 fc:01 8916001                    /usr/lib/x86_64-linux-gnu/libjack.so.0.0.28
7e62fae09000-7e62fae0a000 r--p 00016000 fc:01 8916001                    /usr/lib/x86_64-linux-gnu/libjack.so.0.0.28
7e62fae0a000-7e62fae0b000 rw-p 00017000 fc:01 8916001                    /usr/lib/x86_64-linux-gnu/libjack.so.0.0.28
7e62fae0b000-7e62fae15000 rw-p 00000000 00:00 0 
7e62fae15000-7e62fae59000 r--p 00000000 fc:01 18221957                   /usr/local/share/fonts/msttcorefonts2/Arial.ttf
7e62fb059000-7e62fb05d000 ---p 00000000 00:00 0 
7e62fb05d000-7e62fb159000 rw-p 00000000 00:00 0 
7e62fb159000-7e62fb359000 rw-s 1073b7000 00:0f 1059                      anon_inode:i915.gem
7e62fb359000-7e62fb369000 rw-s 10bfb9000 00:0f 1059                      anon_inode:i915.gem
7e62fb36d000-7e62fb36f000 r--p 00000000 fc:01 8945981                    /usr/lib/x86_64-linux-gnu/libfribidi.so.0.4.0
7e62fb36f000-7e62fb373000 r-xp 00002000 fc:01 8945981                    /usr/lib/x86_64-linux-gnu/libfribidi.so.0.4.0
7e62fb373000-7e62fb389000 r--p 00006000 fc:01 8945981                    /usr/lib/x86_64-linux-gnu/libfribidi.so.0.4.0
7e62fb389000-7e62fb38a000 r--p 0001c000 fc:01 8945981                    /usr/lib/x86_64-linux-gnu/libfribidi.so.0.4.0
7e62fb38a000-7e62fb38b000 rw-p 0001d000 fc:01 8945981                    /usr/lib/x86_64-linux-gnu/libfribidi.so.0.4.0
7e62fb38b000-7e62fb398000 r--p 00000000 fc:01 8945550                    /usr/lib/x86_64-linux-gnu/libavdevice.so.60.3.100
7e62fb398000-7e62fb3b0000 r-xp 0000d000 fc:01 8945550                    /usr/lib/x86_64-linux-gnu/libavdevice.so.60.3.100
7e62fb3b0000-7e62fb3b9000 r--p 00025000 fc:01 8945550                    /usr/lib/x86_64-linux-gnu/libavdevice.so.60.3.100
7e62fb3b9000-7e62fb3bf000 r--p 0002d000 fc:01 8945550                    /usr/lib/x86_64-linux-gnu/libavdevice.so.60.3.100
7e62fb3bf000-7e62fb3c0000 rw-p 00033000 fc:01 8945550                    /usr/lib/x86_64-linux-gnu/libavdevice.so.60.3.100
7e62fb3c0000-7e62fb3d0000 rw-s 10b843000 00:0f 1059                      anon_inode:i915.gem
7e62fb3d0000-7e62fb3d2000 r--p 00000000 00:32 552668215                  /usr/lib/libsnappy.so.1
7e62fb3d2000-7e62fb3d6000 r-xp 00002000 00:32 552668215                  /usr/lib/libsnappy.so.1
7e62fb3d6000-7e62fb3d8000 r--p 00006000 00:32 552668215                  /usr/lib/libsnappy.so.1
7e62fb3d8000-7e62fb3d9000 r--p 00007000 00:32 552668215                  /usr/lib/libsnappy.so.1
7e62fb3d9000-7e62fb3da000 rw-p 00008000 00:32 552668215                  /usr/lib/libsnappy.so.1
7e62fb3da000-7e62fb3db000 r--p 00000000 00:32 552669431                  /usr/lib/libvdpau.so.1
7e62fb3db000-7e62fb3dd000 r-xp 00001000 00:32 552669431                  /usr/lib/libvdpau.so.1
7e62fb3dd000-7e62fb3de000 r--p 00003000 00:32 552669431                  /usr/lib/libvdpau.so.1
7e62fb3de000-7e62fb3df000 r--p 00003000 00:32 552669431                  /usr/lib/libvdpau.so.1
7e62fb3df000-7e62fb3e0000 rw-p 00004000 00:32 552669431                  /usr/lib/libvdpau.so.1
7e62fb3e0000-7e62fb3f0000 rw-s 1082a7000 00:0f 1059                      anon_inode:i915.gem
7e62fb412000-7e62fb422000 rw-s 1030ac000 00:0f 1059                      anon_inode:i915.gem
7e62fb432000-7e62fb472000 rw-s 106427000 00:0f 1059                      anon_inode:i915.gem
7e62fb472000-7e62fb474000 r--p 00000000 fc:01 8918129                    /usr/lib/x86_64-linux-gnu/libva-x11.so.2.2000.0
7e62fb474000-7e62fb477000 r-xp 00002000 fc:01 8918129                    /usr/lib/x86_64-linux-gnu/libva-x11.so.2.2000.0
7e62fb477000-7e62fb478000 r--p 00005000 fc:01 8918129                    /usr/lib/x86_64-linux-gnu/libva-x11.so.2.2000.0
7e62fb478000-7e62fb479000 r--p 00005000 fc:01 8918129                    /usr/lib/x86_64-linux-gnu/libva-x11.so.2.2000.0
7e62fb479000-7e62fb47a000 rw-p 00006000 fc:01 8918129                    /usr/lib/x86_64-linux-gnu/libva-x11.so.2.2000.0
7e62fb47a000-7e62fb481000 r--p 00000000 fc:01 8946448                    /usr/lib/x86_64-linux-gnu/libmujs.so.3
7e62fb481000-7e62fb4bd000 r-xp 00007000 fc:01 8946448                    /usr/lib/x86_64-linux-gnu/libmujs.so.3
7e62fb4bd000-7e62fb4ce000 r--p 00043000 fc:01 8946448                    /usr/lib/x86_64-linux-gnu/libmujs.so.3
7e62fb4ce000-7e62fb4cf000 r--p 00054000 fc:01 8946448                    /usr/lib/x86_64-linux-gnu/libmujs.so.3
7e62fb4cf000-7e62fb4d0000 rw-p 00055000 fc:01 8946448                    /usr/lib/x86_64-linux-gnu/libmujs.so.3
7e62fb4d0000-7e62fb4e0000 rw-s 107e87000 00:0f 1059                      anon_inode:i915.gem
7e62fb4e0000-7e62fb4e2000 r--p 00000000 fc:01 8918134                    /usr/lib/x86_64-linux-gnu/libva-wayland.so.2.2000.0
7e62fb4e2000-7e62fb4e4000 r-xp 00002000 fc:01 8918134                    /usr/lib/x86_64-linux-gnu/libva-wayland.so.2.2000.0
7e62fb4e4000-7e62fb4e5000 r--p 00004000 fc:01 8918134                    /usr/lib/x86_64-linux-gnu/libva-wayland.so.2.2000.0
7e62fb4e5000-7e62fb4e6000 r--p 00005000 fc:01 8918134                    /usr/lib/x86_64-linux-gnu/libva-wayland.so.2.2000.0
7e62fb4e6000-7e62fb4e7000 rw-p 00006000 fc:01 8918134                    /usr/lib/x86_64-linux-gnu/libva-wayland.so.2.2000.0
7e62fb4e7000-7e62fb4e8000 r--p 00000000 fc:01 8918127                    /usr/lib/x86_64-linux-gnu/libva-drm.so.2.2000.0
7e62fb4e8000-7e62fb4e9000 r-xp 00001000 fc:01 8918127                    /usr/lib/x86_64-linux-gnu/libva-drm.so.2.2000.0
7e62fb4e9000-7e62fb4ea000 r--p 00002000 fc:01 8918127                    /usr/lib/x86_64-linux-gnu/libva-drm.so.2.2000.0
7e62fb4ea000-7e62fb4eb000 r--p 00002000 fc:01 8918127                    /usr/lib/x86_64-linux-gnu/libva-drm.so.2.2000.0
7e62fb4eb000-7e62fb4ec000 rw-p 00003000 fc:01 8918127                    /usr/lib/x86_64-linux-gnu/libva-drm.so.2.2000.0
7e62fb4ec000-7e62fb4ed000 r--p 00000000 fc:01 8947086                    /usr/lib/x86_64-linux-gnu/libwayland-egl.so.1.22.0
7e62fb4ed000-7e62fb4ee000 r-xp 00001000 fc:01 8947086                    /usr/lib/x86_64-linux-gnu/libwayland-egl.so.1.22.0
7e62fb4ee000-7e62fb4ef000 r--p 00002000 fc:01 8947086                    /usr/lib/x86_64-linux-gnu/libwayland-egl.so.1.22.0
7e62fb4ef000-7e62fb4f0000 r--p 00002000 fc:01 8947086                    /usr/lib/x86_64-linux-gnu/libwayland-egl.so.1.22.0
7e62fb4f0000-7e62fb4f1000 rw-p 00003000 fc:01 8947086                    /usr/lib/x86_64-linux-gnu/libwayland-egl.so.1.22.0
7e62fb4f1000-7e62fb4f3000 r--p 00000000 fc:01 8947084                    /usr/lib/x86_64-linux-gnu/libwayland-cursor.so.0.22.0
7e62fb4f3000-7e62fb4f5000 r-xp 00002000 fc:01 8947084                    /usr/lib/x86_64-linux-gnu/libwayland-cursor.so.0.22.0
7e62fb4f5000-7e62fb4f6000 r--p 00004000 fc:01 8947084                    /usr/lib/x86_64-linux-gnu/libwayland-cursor.so.0.22.0
7e62fb4f6000-7e62fb4f7000 r--p 00004000 fc:01 8947084                    /usr/lib/x86_64-linux-gnu/libwayland-cursor.so.0.22.0
7e62fb4f7000-7e62fb4fb000 rw-p 00005000 fc:01 8947084                    /usr/lib/x86_64-linux-gnu/libwayland-cursor.so.0.22.0
7e62fb4fb000-7e62fb4fe000 r--p 00000000 00:32 244390251                  /usr/lib/libdvdnav.so.4
7e62fb4fe000-7e62fb50a000 r-xp 00003000 00:32 244390251                  /usr/lib/libdvdnav.so.4
7e62fb50a000-7e62fb50e000 r--p 0000f000 00:32 244390251                  /usr/lib/libdvdnav.so.4
7e62fb50e000-7e62fb50f000 r--p 00012000 00:32 244390251                  /usr/lib/libdvdnav.so.4
7e62fb50f000-7e62fb510000 rw-p 00013000 00:32 244390251                  /usr/lib/libdvdnav.so.4
7e62fb720000-7e62fb727000 r--p 00000000 fc:01 8945671                    /usr/lib/x86_64-linux-gnu/libcdio.so.19.0.0
7e62fb727000-7e62fb73b000 r-xp 00007000 fc:01 8945671                    /usr/lib/x86_64-linux-gnu/libcdio.so.19.0.0
7e62fb73b000-7e62fb744000 r--p 0001b000 fc:01 8945671                    /usr/lib/x86_64-linux-gnu/libcdio.so.19.0.0
7e62fb744000-7e62fb745000 r--p 00024000 fc:01 8945671                    /usr/lib/x86_64-linux-gnu/libcdio.so.19.0.0
7e62fb745000-7e62fb746000 rw-p 00025000 fc:01 8945671                    /usr/lib/x86_64-linux-gnu/libcdio.so.19.0.0
7e62fb746000-7e62fb749000 rw-p 00000000 00:00 0 
7e62fb749000-7e62fb74c000 r--p 00000000 fc:01 8946898                    /usr/lib/x86_64-linux-gnu/libswresample.so.4.12.100
7e62fb74c000-7e62fb762000 r-xp 00003000 fc:01 8946898                    /usr/lib/x86_64-linux-gnu/libswresample.so.4.12.100
7e62fb762000-7e62fb767000 r--p 00019000 fc:01 8946898                    /usr/lib/x86_64-linux-gnu/libswresample.so.4.12.100
7e62fb767000-7e62fb769000 r--p 0001e000 fc:01 8946898                    /usr/lib/x86_64-linux-gnu/libswresample.so.4.12.100
7e62fb769000-7e62fb76a000 rw-p 00020000 fc:01 8946898                    /usr/lib/x86_64-linux-gnu/libswresample.so.4.12.100
7e62fb76a000-7e62fb76e000 r--p 00000000 00:32 244387967                  /usr/lib/libass.so.9
7e62fb76e000-7e62fb797000 r-xp 00004000 00:32 244387967                  /usr/lib/libass.so.9
7e62fb797000-7e62fb79d000 r--p 0002d000 00:32 244387967                  /usr/lib/libass.so.9
7e62fb79d000-7e62fb79e000 ---p 00033000 00:32 244387967                  /usr/lib/libass.so.9
7e62fb79e000-7e62fb79f000 r--p 00033000 00:32 244387967                  /usr/lib/libass.so.9
7e62fb79f000-7e62fb7a0000 rw-p 00034000 00:32 244387967                  /usr/lib/libass.so.9
7e62fb7a0000-7e62fb7b0000 rw-s 10a5f2000 00:0f 1059                      anon_inode:i915.gem
7e62fb7b1000-7e62fb7b3000 r--p 00000000 fc:01 8918970                    /usr/lib/x86_64-linux-gnu/pipewire-0.3/libpipewire-module-rt.so
7e62fb7b3000-7e62fb7b7000 r-xp 00002000 fc:01 8918970                    /usr/lib/x86_64-linux-gnu/pipewire-0.3/libpipewire-module-rt.so
7e62fb7b7000-7e62fb7b9000 r--p 00006000 fc:01 8918970                    /usr/lib/x86_64-linux-gnu/pipewire-0.3/libpipewire-module-rt.so
7e62fb7b9000-7e62fb7ba000 r--p 00007000 fc:01 8918970                    /usr/lib/x86_64-linux-gnu/pipewire-0.3/libpipewire-module-rt.so
7e62fb7ba000-7e62fb7bb000 rw-p 00008000 fc:01 8918970                    /usr/lib/x86_64-linux-gnu/pipewire-0.3/libpipewire-module-rt.so
7e62fb7bb000-7e62fb7bc000 r--p 00000000 fc:01 9061783                    /usr/lib/x86_64-linux-gnu/spa-0.2/support/libspa-dbus.so
7e62fb7bc000-7e62fb7bf000 r-xp 00001000 fc:01 9061783                    /usr/lib/x86_64-linux-gnu/spa-0.2/support/libspa-dbus.so
7e62fb7bf000-7e62fb7c0000 r--p 00004000 fc:01 9061783                    /usr/lib/x86_64-linux-gnu/spa-0.2/support/libspa-dbus.so
7e62fb7c0000-7e62fb7c1000 r--p 00004000 fc:01 9061783                    /usr/lib/x86_64-linux-gnu/spa-0.2/support/libspa-dbus.so
7e62fb7c1000-7e62fb7c2000 rw-p 00005000 fc:01 9061783                    /usr/lib/x86_64-linux-gnu/spa-0.2/support/libspa-dbus.so
7e62fb7c2000-7e62fb7c6000 r--p 00000000 fc:01 9061785                    /usr/lib/x86_64-linux-gnu/spa-0.2/support/libspa-support.so
7e62fb7c6000-7e62fb7dc000 r-xp 00004000 fc:01 9061785                    /usr/lib/x86_64-linux-gnu/spa-0.2/support/libspa-support.so
7e62fb7dc000-7e62fb7e1000 r--p 0001a000 fc:01 9061785                    /usr/lib/x86_64-linux-gnu/spa-0.2/support/libspa-support.so
7e62fb7e1000-7e62fb7e3000 r--p 0001f000 fc:01 9061785                    /usr/lib/x86_64-linux-gnu/spa-0.2/support/libspa-support.so
7e62fb7e3000-7e62fb7e4000 rw-p 00021000 fc:01 9061785                    /usr/lib/x86_64-linux-gnu/spa-0.2/support/libspa-support.so
7e62fb7e4000-7e62fb7f0000 rw-s 1051f7000 00:0f 1059                      anon_inode:i915.gem
7e62fb7f0000-7e62fb9f0000 rw-s 106bb7000 00:0f 1059                      anon_inode:i915.gem
7e62fb9f0000-7e62fba00000 rw-s 109ca7000 00:0f 1059                      anon_inode:i915.gem
7e62fbe00000-7e62fbe04000 ---p 00000000 00:00 0 
7e62fbe04000-7e62fbf00000 rw-p 00000000 00:00 0 
7e62fbf00000-7e62fbf04000 ---p 00000000 00:00 0 
7e62fbf04000-7e62fc000000 rw-p 00000000 00:00 0 
7e62fc000000-7e62fc0c9000 rw-p 00000000 00:00 0 
7e62fc0c9000-7e6300000000 ---p 00000000 00:00 0 
7e6300000000-7e6300077000 rw-p 00000000 00:00 0 
7e6300077000-7e6304000000 ---p 00000000 00:00 0 
7e6304000000-7e630451c000 rw-p 00000000 00:00 0 
7e630451c000-7e6308000000 ---p 00000000 00:00 0 
7e6308000000-7e6308386000 rw-p 00000000 00:00 0 
7e6308386000-7e630c000000 ---p 00000000 00:00 0 
7e630c000000-7e630c0cd000 rw-p 00000000 00:00 0 
7e630c0cd000-7e6310000000 ---p 00000000 00:00 0 
7e6310000000-7e6310090000 rw-p 00000000 00:00 0 
7e6310090000-7e6314000000 ---p 00000000 00:00 0 
7e6314000000-7e63140b4000 rw-p 00000000 00:00 0 
7e63140b4000-7e6318000000 ---p 00000000 00:00 0 
7e6318000000-7e63180ea000 rw-p 00000000 00:00 0 
7e63180ea000-7e631c000000 ---p 00000000 00:00 0 
7e631c000000-7e631c097000 rw-p 00000000 00:00 0 
7e631c097000-7e6320000000 ---p 00000000 00:00 0 
7e6320000000-7e63200ce000 rw-p 00000000 00:00 0 
7e63200ce000-7e6324000000 ---p 00000000 00:00 0 
7e6324000000-7e63240fd000 rw-p 00000000 00:00 0 
7e63240fd000-7e6328000000 ---p 00000000 00:00 0 
7e6328001000-7e6328002000 r--p 00000000 fc:01 8945338                    /usr/lib/x86_64-linux-gnu/libXv.so.1.0.0
7e6328002000-7e6328005000 r-xp 00001000 fc:01 8945338                    /usr/lib/x86_64-linux-gnu/libXv.so.1.0.0
7e6328005000-7e6328006000 r--p 00004000 fc:01 8945338                    /usr/lib/x86_64-linux-gnu/libXv.so.1.0.0
7e6328006000-7e6328007000 r--p 00004000 fc:01 8945338                    /usr/lib/x86_64-linux-gnu/libXv.so.1.0.0
7e6328007000-7e6328008000 rw-p 00005000 fc:01 8945338                    /usr/lib/x86_64-linux-gnu/libXv.so.1.0.0
7e6328008000-7e632800c000 ---p 00000000 00:00 0 
7e632800c000-7e6328108000 rw-p 00000000 00:00 0 
7e6328108000-7e6328308000 rw-s 10c14d000 00:0f 1059                      anon_inode:i915.gem
7e6328308000-7e632834e000 r--p 00000000 fc:01 18221959                   /usr/local/share/fonts/msttcorefonts2/Arial_Bold.ttf
7e632834e000-7e63283fc000 r--p 00000000 fc:01 9068840                    /usr/share/fonts/truetype/dejavu/DejaVuSans-Bold.ttf
7e632863c000-7e63286fc000 rw-s 106e37000 00:0f 1059                      anon_inode:i915.gem
7e63286fc000-7e6328700000 ---p 00000000 00:00 0 
7e6328700000-7e63287fc000 rw-p 00000000 00:00 0 
7e63287fc000-7e6328800000 ---p 00000000 00:00 0 
7e6328800000-7e63288fc000 rw-p 00000000 00:00 0 
7e63288fc000-7e6328900000 ---p 00000000 00:00 0 
7e6328900000-7e63289fc000 rw-p 00000000 00:00 0 
7e63289fc000-7e6328bfc000 rw-s 1095e7000 00:0f 1059                      anon_inode:i915.gem
7e6328bfc000-7e6328bfd000 ---p 00000000 00:00 0 
7e6328bfd000-7e63293fd000 rw-p 00000000 00:00 0 
7e63293fd000-7e63293fe000 ---p 00000000 00:00 0 
7e63293fe000-7e6329bfe000 rw-p 00000000 00:00 0 
7e6329bfe000-7e6329bff000 ---p 00000000 00:00 0 
7e6329bff000-7e632a3ff000 rw-p 00000000 00:00 0 
7e632a3ff000-7e632a400000 ---p 00000000 00:00 0 
7e632a400000-7e632ac00000 rw-p 00000000 00:00 0 
7e632ac00000-7e632ac01000 r--p 00000000 00:32 244391135                  /usr/lib/libicudata.so.70
7e632ac01000-7e632ac02000 r-xp 00001000 00:32 244391135                  /usr/lib/libicudata.so.70
7e632ac02000-7e632c81c000 r--p 00002000 00:32 244391135                  /usr/lib/libicudata.so.70
7e632c81c000-7e632c81d000 r--p 01c1b000 00:32 244391135                  /usr/lib/libicudata.so.70
7e632c81d000-7e632c81e000 rw-p 01c1c000 00:32 244391135                  /usr/lib/libicudata.so.70
7e632c81f000-7e632c85f000 rw-s 1075b7000 00:0f 1059                      anon_inode:i915.gem
7e632c85f000-7e632c87f000 rw-s 10b873000 00:0f 1059                      anon_inode:i915.gem
7e632c880000-7e632c881000 r--p 00000000 fc:01 8945326                    /usr/lib/x86_64-linux-gnu/libXpresent.so.1.0.0
7e632c881000-7e632c883000 r-xp 00001000 fc:01 8945326                    /usr/lib/x86_64-linux-gnu/libXpresent.so.1.0.0
7e632c883000-7e632c884000 r--p 00003000 fc:01 8945326                    /usr/lib/x86_64-linux-gnu/libXpresent.so.1.0.0
7e632c884000-7e632c885000 r--p 00003000 fc:01 8945326                    /usr/lib/x86_64-linux-gnu/libXpresent.so.1.0.0
7e632c885000-7e632c886000 rw-p 00004000 fc:01 8945326                    /usr/lib/x86_64-linux-gnu/libXpresent.so.1.0.0
7e632c88b000-7e632c88c000 r--p 00000000 fc:01 9061784                    /usr/lib/x86_64-linux-gnu/spa-0.2/support/libspa-journal.so
7e632c88c000-7e632c88e000 r-xp 00001000 fc:01 9061784                    /usr/lib/x86_64-linux-gnu/spa-0.2/support/libspa-journal.so
7e632c88e000-7e632c88f000 r--p 00003000 fc:01 9061784                    /usr/lib/x86_64-linux-gnu/spa-0.2/support/libspa-journal.so
7e632c88f000-7e632c890000 r--p 00003000 fc:01 9061784                    /usr/lib/x86_64-linux-gnu/spa-0.2/support/libspa-journal.so
7e632c890000-7e632c891000 rw-p 00004000 fc:01 9061784                    /usr/lib/x86_64-linux-gnu/spa-0.2/support/libspa-journal.so
7e632c891000-7e632c8a1000 rw-s 10c9e9000 00:0f 1059                      anon_inode:i915.gem
7e632c8a1000-7e632c8a3000 rw-s 10a63d000 00:0f 1059                      anon_inode:i915.gem
7e632c8a7000-7e632c8af000 rw-s 106477000 00:0f 1059                      anon_inode:i915.gem
7e632c8af000-7e632c8bf000 rw-s 10b833000 00:0f 1059                      anon_inode:i915.gem
7e632c8bf000-7e632ca00000 rw-s 00000000 00:41 22020166                   /home/benld/.cache/mesa_shader_cache/index
7e632ca00000-7e6334c08000 r-xp 00000000 fc:01 8916699                    /usr/lib/x86_64-linux-gnu/libLLVM.so.20.1
7e6334c08000-7e6334c09000 ---p 08208000 fc:01 8916699                    /usr/lib/x86_64-linux-gnu/libLLVM.so.20.1
7e6334c09000-7e633529e000 r--p 08208000 fc:01 8916699                    /usr/lib/x86_64-linux-gnu/libLLVM.so.20.1
7e633529e000-7e63352e6000 rw-p 0889d000 fc:01 8916699                    /usr/lib/x86_64-linux-gnu/libLLVM.so.20.1
7e63352e6000-7e633538e000 rw-p 00000000 00:00 0 
7e633538e000-7e6335390000 rw-s 10166f000 00:0f 1059                      anon_inode:i915.gem
7e6335390000-7e63353a0000 rw-s 105927000 00:0f 1059                      anon_inode:i915.gem
7e63353a0000-7e63353e0000 rw-s 1058e7000 00:0f 1059                      anon_inode:i915.gem
7e63353e0000-7e6335400000 rw-s 10bf1f000 00:0f 1059                      anon_inode:i915.gem
7e6335400000-7e63354cf000 r--p 00000000 fc:01 8916709                    /usr/lib/x86_64-linux-gnu/libgallium-25.2.8-0ubuntu0.24.04.2.so
7e63354cf000-7e6336ce2000 r-xp 000cf000 fc:01 8916709                    /usr/lib/x86_64-linux-gnu/libgallium-25.2.8-0ubuntu0.24.04.2.so
7e6336ce2000-7e6337c21000 r--p 018e2000 fc:01 8916709                    /usr/lib/x86_64-linux-gnu/libgallium-25.2.8-0ubuntu0.24.04.2.so
7e6337c21000-7e6337d47000 r--p 02821000 fc:01 8916709                    /usr/lib/x86_64-linux-gnu/libgallium-25.2.8-0ubuntu0.24.04.2.so
7e6337d47000-7e6337d69000 rw-p 02947000 fc:01 8916709                    /usr/lib/x86_64-linux-gnu/libgallium-25.2.8-0ubuntu0.24.04.2.so
7e6337d69000-7e6337f33000 rw-p 00000000 00:00 0 
7e6337f35000-7e6337f37000 rw-s 102f9c000 00:0f 1059                      anon_inode:i915.gem
7e6337f37000-7e6337f39000 rw-s 100db3000 00:0f 1059                      anon_inode:i915.gem
7e6337f3b000-7e6337f3c000 rw-s 00000000 00:01 171511                     /memfd:pipewire-memfd:flags=0x0000000f,type=2,size=2312 (deleted)
7e6337f3c000-7e6337f3d000 rw-s 00000000 00:01 171728                     /memfd:pipewire-memfd:flags=0x0000000f,type=2,size=2312 (deleted)
7e6337f3d000-7e6337f3f000 rw-s 102b06000 00:0f 1059                      anon_inode:i915.gem
7e6337f40000-7e6337f60000 rw-s 10beff000 00:0f 1059                      anon_inode:i915.gem
7e6337f60000-7e6337f80000 rw-s 109cb7000 00:0f 1059                      anon_inode:i915.gem
7e6337f80000-7e6337f84000 rw-p 00000000 00:00 0 
7e6337f84000-7e6337f86000 r--p 00000000 fc:01 8945673                    /usr/lib/x86_64-linux-gnu/libcdio_cdda.so.2.0.0
7e6337f86000-7e6337f8a000 r-xp 00002000 fc:01 8945673                    /usr/lib/x86_64-linux-gnu/libcdio_cdda.so.2.0.0
7e6337f8a000-7e6337f8c000 r--p 00006000 fc:01 8945673                    /usr/lib/x86_64-linux-gnu/libcdio_cdda.so.2.0.0
7e6337f8c000-7e6337f8d000 r--p 00007000 fc:01 8945673                    /usr/lib/x86_64-linux-gnu/libcdio_cdda.so.2.0.0
7e6337f8d000-7e6337f8e000 rw-p 00008000 fc:01 8945673                    /usr/lib/x86_64-linux-gnu/libcdio_cdda.so.2.0.0
7e6337f8e000-7e6337f93000 r--p 00000000 fc:01 8913258                    /usr/lib/x86_64-linux-gnu/libnss_myhostname.so.2
7e6337f93000-7e6337fa7000 r-xp 00005000 fc:01 8913258                    /usr/lib/x86_64-linux-gnu/libnss_myhostname.so.2
7e6337fa7000-7e6337fb2000 r--p 00019000 fc:01 8913258                    /usr/lib/x86_64-linux-gnu/libnss_myhostname.so.2
7e6337fb2000-7e6337fb7000 r--p 00023000 fc:01 8913258                    /usr/lib/x86_64-linux-gnu/libnss_myhostname.so.2
7e6337fb7000-7e6337fb8000 rw-p 00028000 fc:01 8913258                    /usr/lib/x86_64-linux-gnu/libnss_myhostname.so.2
7e6337fb8000-7e6337fb9000 r--p 00000000 fc:01 8945332                    /usr/lib/x86_64-linux-gnu/libXss.so.1.0.0
7e6337fb9000-7e6337fba000 r-xp 00001000 fc:01 8945332                    /usr/lib/x86_64-linux-gnu/libXss.so.1.0.0
7e6337fba000-7e6337fbb000 r--p 00002000 fc:01 8945332                    /usr/lib/x86_64-linux-gnu/libXss.so.1.0.0
7e6337fbb000-7e6337fbc000 r--p 00002000 fc:01 8945332                    /usr/lib/x86_64-linux-gnu/libXss.so.1.0.0
7e6337fbc000-7e6337fbd000 rw-p 00003000 fc:01 8945332                    /usr/lib/x86_64-linux-gnu/libXss.so.1.0.0
7e6337fc1000-7e6337fc3000 rw-s 102b03000 00:0f 1059                      anon_inode:i915.gem
7e6337fc5000-7e6337fc7000 rw-s 103064000 00:0f 1059                      anon_inode:i915.gem
7e6337fc9000-7e6337fcd000 rw-s 100729000 00:0f 1059                      anon_inode:i915.gem
7e6337fcd000-7e6337fce000 rw-s 00000000 00:01 174613                     /memfd:pipewire-memfd:flags=0x0000000f,type=2,size=2312 (deleted)
7e6337fd0000-7e6337fd1000 rw-s 10085d000 00:0f 1059                      anon_inode:i915.gem
7e6337fd1000-7e6337fd3000 rw-s 108343000 00:0f 1059                      anon_inode:i915.gem
7e6337fd3000-7e6337fd4000 rw-s 1011be000 00:0f 1059                      anon_inode:i915.gem
7e6337fd4000-7e6337fd5000 rw-s 10bf3f000 00:0f 1059                      anon_inode:i915.gem
7e6337fd5000-7e6337fd7000 r--p 00000000 fc:01 8945675                    /usr/lib/x86_64-linux-gnu/libcdio_paranoia.so.2.0.0
7e6337fd7000-7e6337fdc000 r-xp 00002000 fc:01 8945675                    /usr/lib/x86_64-linux-gnu/libcdio_paranoia.so.2.0.0
7e6337fdc000-7e6337fdd000 r--p 00007000 fc:01 8945675                    /usr/lib/x86_64-linux-gnu/libcdio_paranoia.so.2.0.0
7e6337fdd000-7e6337fde000 r--p 00007000 fc:01 8945675                    /usr/lib/x86_64-linux-gnu/libcdio_paranoia.so.2.0.0
7e6337fde000-7e6337fdf000 rw-p 00008000 fc:01 8945675                    /usr/lib/x86_64-linux-gnu/libcdio_paranoia.so.2.0.0
7e6337fdf000-7e6337fef000 rw-s 10a9b3000 00:0f 1059                      anon_inode:i915.gem
7e6337fff000-7e6338000000 rw-s 109cf6000 00:0f 1059                      anon_inode:i915.gem
7e6338000000-7e63380c8000 rw-p 00000000 00:00 0 
7e63380c8000-7e633c000000 ---p 00000000 00:00 0 
7e633c000000-7e633c21d000 rw-p 00000000 00:00 0 
7e633c21d000-7e6340000000 ---p 00000000 00:00 0 
7e6340000000-7e6340166000 rw-p 00000000 00:00 0 
7e6340166000-7e6344000000 ---p 00000000 00:00 0 
7e6344000000-7e6344fd6000 rw-p 00000000 00:00 0 
7e6344fd6000-7e6348000000 ---p 00000000 00:00 0 
7e6348000000-7e6348ad4000 rw-p 00000000 00:00 0 
7e6348ad4000-7e634c000000 ---p 00000000 00:00 0 
7e634c000000-7e634c63a000 rw-p 00000000 00:00 0 
7e634c63a000-7e6350000000 ---p 00000000 00:00 0 
7e6350000000-7e6351a32000 rw-p 00000000 00:00 0 
7e6351a32000-7e6354000000 ---p 00000000 00:00 0 
7e6354000000-7e63545e1000 rw-p 00000000 00:00 0 
7e63545e1000-7e6358000000 ---p 00000000 00:00 0 
7e6358000000-7e6358bce000 rw-p 00000000 00:00 0 
7e6358bce000-7e635c000000 ---p 00000000 00:00 0 
7e635c000000-7e635c122000 rw-p 00000000 00:00 0 
7e635c122000-7e6360000000 ---p 00000000 00:00 0 
7e6360000000-7e63600ce000 rw-p 00000000 00:00 0 
7e63600ce000-7e6364000000 ---p 00000000 00:00 0 
7e6364000000-7e63640ad000 rw-p 00000000 00:00 0 
7e63640ad000-7e6368000000 ---p 00000000 00:00 0 
7e6368000000-7e63688a1000 rw-p 00000000 00:00 0 
7e63688a1000-7e636c000000 ---p 00000000 00:00 0 
7e636c000000-7e636cafa000 rw-p 00000000 00:00 0 
7e636cafa000-7e6370000000 ---p 00000000 00:00 0 
7e6370000000-7e6373ffe000 rw-p 00000000 00:00 0 
7e6373ffe000-7e6374000000 ---p 00000000 00:00 0 
7e6374000000-7e637430d000 rw-p 00000000 00:00 0 
7e637430d000-7e6378000000 ---p 00000000 00:00 0 
7e6378000000-7e63780fc000 rw-p 00000000 00:00 0 
7e63780fc000-7e637c000000 ---p 00000000 00:00 0 
7e637c000000-7e637c0bc000 rw-p 00000000 00:00 0 
7e637c0bc000-7e6380000000 ---p 00000000 00:00 0 
7e6380000000-7e63801cf000 rw-p 00000000 00:00 0 
7e63801cf000-7e6384000000 ---p 00000000 00:00 0 
7e6384000000-7e63840f2000 rw-p 00000000 00:00 0 
7e63840f2000-7e6388000000 ---p 00000000 00:00 0 
7e6388000000-7e63880d9000 rw-p 00000000 00:00 0 
7e63880d9000-7e638c000000 ---p 00000000 00:00 0 
7e638c000000-7e6390000000 rw-p 00000000 00:00 0 
7e6390000000-7e639013a000 rw-p 00000000 00:00 0 
7e639013a000-7e6394000000 ---p 00000000 00:00 0 
7e6394000000-7e639419b000 rw-p 00000000 00:00 0 
7e639419b000-7e6398000000 ---p 00000000 00:00 0 
7e6398000000-7e6398176000 rw-p 00000000 00:00 0 
7e6398176000-7e639c000000 ---p 00000000 00:00 0 
7e639c000000-7e639c3a8000 rw-p 00000000 00:00 0 
7e639c3a8000-7e63a0000000 ---p 00000000 00:00 0 
7e63a0000000-7e63a0102000 rw-p 00000000 00:00 0 
7e63a0102000-7e63a4000000 ---p 00000000 00:00 0 
7e63a4000000-7e63a49e2000 rw-p 00000000 00:00 0 
7e63a49e2000-7e63a8000000 ---p 00000000 00:00 0 
7e63a8000000-7e63a80cd000 rw-p 00000000 00:00 0 
7e63a80cd000-7e63ac000000 ---p 00000000 00:00 0 
7e63ac000000-7e63ad468000 rw-p 00000000 00:00 0 
7e63ad468000-7e63b0000000 ---p 00000000 00:00 0 
7e63b0100000-7e63b0140000 rw-s 10a75d000 00:0f 1059                      anon_inode:i915.gem
7e63b0140000-7e63b0340000 rw-s 1016b1000 00:0f 1059                      anon_inode:i915.gem
7e63b0340000-7e63b03a6000 r--p 00000000 00:32 552665219                  /usr/lib/libicuuc.so.70
7e63b03a6000-7e63b0499000 r-xp 00066000 00:32 552665219                  /usr/lib/libicuuc.so.70
7e63b0499000-7e63b0525000 r--p 00159000 00:32 552665219                  /usr/lib/libicuuc.so.70
7e63b0525000-7e63b0538000 r--p 001e4000 00:32 552665219                  /usr/lib/libicuuc.so.70
7e63b0538000-7e63b0539000 rw-p 001f7000 00:32 552665219                  /usr/lib/libicuuc.so.70
7e63b0539000-7e63b053b000 rw-p 00000000 00:00 0 
7e63b053b000-7e63b0549000 r--p 00000000 00:32 552669159                  /usr/lib/libtinfo.so.6
7e63b0549000-7e63b055a000 r-xp 0000e000 00:32 552669159                  /usr/lib/libtinfo.so.6
7e63b055a000-7e63b0568000 r--p 0001f000 00:32 552669159                  /usr/lib/libtinfo.so.6
7e63b0568000-7e63b056c000 r--p 0002c000 00:32 552669159                  /usr/lib/libtinfo.so.6
7e63b056c000-7e63b056d000 rw-p 00030000 00:32 552669159                  /usr/lib/libtinfo.so.6
7e63b056d000-7e63b056f000 r--p 00000000 fc:01 8913592                    /usr/lib/x86_64-linux-gnu/libpciaccess.so.0.11.1
7e63b056f000-7e63b0574000 r-xp 00002000 fc:01 8913592                    /usr/lib/x86_64-linux-gnu/libpciaccess.so.0.11.1
7e63b0574000-7e63b0576000 r--p 00007000 fc:01 8913592                    /usr/lib/x86_64-linux-gnu/libpciaccess.so.0.11.1
7e63b0576000-7e63b0577000 r--p 00008000 fc:01 8913592                    /usr/lib/x86_64-linux-gnu/libpciaccess.so.0.11.1
7e63b0577000-7e63b0578000 rw-p 00009000 fc:01 8913592                    /usr/lib/x86_64-linux-gnu/libpciaccess.so.0.11.1
7e63b0578000-7e63b05a7000 r--p 00000000 00:32 552670515                  /usr/lib/libxml2.so.2
7e63b05a7000-7e63b06fa000 r-xp 0002f000 00:32 552670515                  /usr/lib/libxml2.so.2
7e63b06fa000-7e63b074f000 r--p 00182000 00:32 552670515                  /usr/lib/libxml2.so.2
7e63b074f000-7e63b0758000 r--p 001d6000 00:32 552670515                  /usr/lib/libxml2.so.2
7e63b0758000-7e63b0759000 rw-p 001df000 00:32 552670515                  /usr/lib/libxml2.so.2
7e63b0759000-7e63b075a000 rw-p 00000000 00:00 0 
7e63b075a000-7e63b0762000 r--p 00000000 fc:01 8945862                    /usr/lib/x86_64-linux-gnu/libedit.so.2.0.72
7e63b0762000-7e63b0781000 r-xp 00008000 fc:01 8945862                    /usr/lib/x86_64-linux-gnu/libedit.so.2.0.72
7e63b0781000-7e63b078d000 r--p 00027000 fc:01 8945862                    /usr/lib/x86_64-linux-gnu/libedit.so.2.0.72
7e63b078d000-7e63b078f000 r--p 00033000 fc:01 8945862                    /usr/lib/x86_64-linux-gnu/libedit.so.2.0.72
7e63b078f000-7e63b0790000 rw-p 00035000 fc:01 8945862                    /usr/lib/x86_64-linux-gnu/libedit.so.2.0.72
7e63b0790000-7e63b0794000 rw-p 00000000 00:00 0 
7e63b0794000-7e63b0796000 r--p 00000000 00:32 244390407                  /usr/lib/libffi.so.8
7e63b0796000-7e63b079d000 r-xp 00002000 00:32 244390407                  /usr/lib/libffi.so.8
7e63b079d000-7e63b079e000 r--p 00009000 00:32 244390407                  /usr/lib/libffi.so.8
7e63b079e000-7e63b079f000 ---p 0000a000 00:32 244390407                  /usr/lib/libffi.so.8
7e63b079f000-7e63b07a0000 r--p 0000a000 00:32 244390407                  /usr/lib/libffi.so.8
7e63b07a0000-7e63b07a1000 rw-p 0000b000 00:32 244390407                  /usr/lib/libffi.so.8
7e63b07a1000-7e63b07a4000 r--p 00000000 fc:01 8914946                    /usr/lib/x86_64-linux-gnu/libdrm_intel.so.1.125.0
7e63b07a4000-7e63b07ba000 r-xp 00003000 fc:01 8914946                    /usr/lib/x86_64-linux-gnu/libdrm_intel.so.1.125.0
7e63b07ba000-7e63b07c3000 r--p 00019000 fc:01 8914946                    /usr/lib/x86_64-linux-gnu/libdrm_intel.so.1.125.0
7e63b07c3000-7e63b07c4000 r--p 00021000 fc:01 8914946                    /usr/lib/x86_64-linux-gnu/libdrm_intel.so.1.125.0
7e63b07c4000-7e63b07c5000 rw-p 00022000 fc:01 8914946                    /usr/lib/x86_64-linux-gnu/libdrm_intel.so.1.125.0
7e63b07c5000-7e63b07c8000 r--p 00000000 fc:01 8918435                    /usr/lib/x86_64-linux-gnu/libelf-0.190.so
7e63b07c8000-7e63b07de000 r-xp 00003000 fc:01 8918435                    /usr/lib/x86_64-linux-gnu/libelf-0.190.so
7e63b07de000-7e63b07e2000 r--p 00019000 fc:01 8918435                    /usr/lib/x86_64-linux-gnu/libelf-0.190.so
7e63b07e2000-7e63b07e3000 r--p 0001c000 fc:01 8918435                    /usr/lib/x86_64-linux-gnu/libelf-0.190.so
7e63b07e3000-7e63b07e4000 rw-p 0001d000 fc:01 8918435                    /usr/lib/x86_64-linux-gnu/libelf-0.190.so
7e63b07e4000-7e63b07e7000 r--p 00000000 fc:01 8915983                    /usr/lib/x86_64-linux-gnu/libdrm_amdgpu.so.1.125.0
7e63b07e7000-7e63b07ed000 r-xp 00003000 fc:01 8915983                    /usr/lib/x86_64-linux-gnu/libdrm_amdgpu.so.1.125.0
7e63b07ed000-7e63b07ef000 r--p 00009000 fc:01 8915983                    /usr/lib/x86_64-linux-gnu/libdrm_amdgpu.so.1.125.0
7e63b07ef000-7e63b07f0000 r--p 0000a000 fc:01 8915983                    /usr/lib/x86_64-linux-gnu/libdrm_amdgpu.so.1.125.0
7e63b07f0000-7e63b07f1000 rw-p 0000b000 fc:01 8915983                    /usr/lib/x86_64-linux-gnu/libdrm_amdgpu.so.1.125.0
7e63b07f1000-7e63b07f3000 r--p 00000000 fc:01 8946805                    /usr/lib/x86_64-linux-gnu/libsensors.so.5.0.0
7e63b07f3000-7e63b07fa000 r-xp 00002000 fc:01 8946805                    /usr/lib/x86_64-linux-gnu/libsensors.so.5.0.0
7e63b07fa000-7e63b07fe000 r--p 00009000 fc:01 8946805                    /usr/lib/x86_64-linux-gnu/libsensors.so.5.0.0
7e63b07fe000-7e63b07ff000 r--p 0000d000 fc:01 8946805                    /usr/lib/x86_64-linux-gnu/libsensors.so.5.0.0
7e63b07ff000-7e63b0800000 rw-p 0000e000 fc:01 8946805                    /usr/lib/x86_64-linux-gnu/libsensors.so.5.0.0
7e63b0800000-7e63b081e000 r-xp 00000000 00:41 23077457                   /home/benld/.cache/JNA/temp/jna477485180455907691.tmp (deleted)
7e63b081e000-7e63b0a1d000 ---p 0001e000 00:41 23077457                   /home/benld/.cache/JNA/temp/jna477485180455907691.tmp (deleted)
7e63b0a1d000-7e63b0a1e000 rw-p 0001d000 00:41 23077457                   /home/benld/.cache/JNA/temp/jna477485180455907691.tmp (deleted)
7e63b0a1e000-7e63b0a1f000 rw-p 00000000 00:00 0 
7e63b0a1f000-7e63b0a20000 r--p 00000000 fc:01 8947198                    /usr/lib/x86_64-linux-gnu/libxshmfence.so.1.0.0
7e63b0a20000-7e63b0a21000 r-xp 00001000 fc:01 8947198                    /usr/lib/x86_64-linux-gnu/libxshmfence.so.1.0.0
7e63b0a21000-7e63b0a22000 r--p 00002000 fc:01 8947198                    /usr/lib/x86_64-linux-gnu/libxshmfence.so.1.0.0
7e63b0a22000-7e63b0a23000 r--p 00002000 fc:01 8947198                    /usr/lib/x86_64-linux-gnu/libxshmfence.so.1.0.0
7e63b0a23000-7e63b0a24000 rw-p 00003000 fc:01 8947198                    /usr/lib/x86_64-linux-gnu/libxshmfence.so.1.0.0
7e63b0a24000-7e63b0a27000 r--p 00000000 fc:01 8947157                    /usr/lib/x86_64-linux-gnu/libxcb-sync.so.1.0.0
7e63b0a27000-7e63b0a2a000 r-xp 00003000 fc:01 8947157                    /usr/lib/x86_64-linux-gnu/libxcb-sync.so.1.0.0
7e63b0a2a000-7e63b0a2b000 r--p 00006000 fc:01 8947157                    /usr/lib/x86_64-linux-gnu/libxcb-sync.so.1.0.0
7e63b0a2b000-7e63b0a2c000 r--p 00007000 fc:01 8947157                    /usr/lib/x86_64-linux-gnu/libxcb-sync.so.1.0.0
7e63b0a2c000-7e63b0a2d000 rw-p 00008000 fc:01 8947157                    /usr/lib/x86_64-linux-gnu/libxcb-sync.so.1.0.0
7e63b0a2d000-7e63b0a2e000 r--p 00000000 fc:01 8947143                    /usr/lib/x86_64-linux-gnu/libxcb-present.so.0.0.0
7e63b0a2e000-7e63b0a2f000 r-xp 00001000 fc:01 8947143                    /usr/lib/x86_64-linux-gnu/libxcb-present.so.0.0.0
7e63b0a2f000-7e63b0a30000 r--p 00002000 fc:01 8947143                    /usr/lib/x86_64-linux-gnu/libxcb-present.so.0.0.0
7e63b0a30000-7e63b0a31000 r--p 00002000 fc:01 8947143                    /usr/lib/x86_64-linux-gnu/libxcb-present.so.0.0.0
7e63b0a31000-7e63b0a32000 rw-p 00003000 fc:01 8947143                    /usr/lib/x86_64-linux-gnu/libxcb-present.so.0.0.0
7e63b0a32000-7e63b0a34000 r--p 00000000 fc:01 8947133                    /usr/lib/x86_64-linux-gnu/libxcb-dri3.so.0.1.0
7e63b0a34000-7e63b0a36000 r-xp 00002000 fc:01 8947133                    /usr/lib/x86_64-linux-gnu/libxcb-dri3.so.0.1.0
7e63b0a36000-7e63b0a37000 r--p 00004000 fc:01 8947133                    /usr/lib/x86_64-linux-gnu/libxcb-dri3.so.0.1.0
7e63b0a37000-7e63b0a38000 r--p 00004000 fc:01 8947133                    /usr/lib/x86_64-linux-gnu/libxcb-dri3.so.0.1.0
7e63b0a38000-7e63b0a39000 rw-p 00005000 fc:01 8947133                    /usr/lib/x86_64-linux-gnu/libxcb-dri3.so.0.1.0
7e63b0a39000-7e63b0a3e000 r--p 00000000 fc:01 8947082                    /usr/lib/x86_64-linux-gnu/libwayland-client.so.0.22.0
7e63b0a3e000-7e63b0a44000 r-xp 00005000 fc:01 8947082                    /usr/lib/x86_64-linux-gnu/libwayland-client.so.0.22.0
7e63b0a44000-7e63b0a46000 r--p 0000b000 fc:01 8947082                    /usr/lib/x86_64-linux-gnu/libwayland-client.so.0.22.0
7e63b0a46000-7e63b0a48000 r--p 0000d000 fc:01 8947082                    /usr/lib/x86_64-linux-gnu/libwayland-client.so.0.22.0
7e63b0a48000-7e63b0a49000 rw-p 0000f000 fc:01 8947082                    /usr/lib/x86_64-linux-gnu/libwayland-client.so.0.22.0
7e63b0a49000-7e63b0a4e000 r--p 00000000 fc:01 8916674                    /usr/lib/x86_64-linux-gnu/libdrm.so.2.125.0
7e63b0a4e000-7e63b0a5a000 r-xp 00005000 fc:01 8916674                    /usr/lib/x86_64-linux-gnu/libdrm.so.2.125.0
7e63b0a5a000-7e63b0a5e000 r--p 00011000 fc:01 8916674                    /usr/lib/x86_64-linux-gnu/libdrm.so.2.125.0
7e63b0a5e000-7e63b0a5f000 r--p 00015000 fc:01 8916674                    /usr/lib/x86_64-linux-gnu/libdrm.so.2.125.0
7e63b0a5f000-7e63b0a60000 rw-p 00016000 fc:01 8916674                    /usr/lib/x86_64-linux-gnu/libdrm.so.2.125.0
7e63b0a60000-7e63b0a63000 r--p 00000000 fc:01 8947161                    /usr/lib/x86_64-linux-gnu/libxcb-xfixes.so.0.0.0
7e63b0a63000-7e63b0a66000 r-xp 00003000 fc:01 8947161                    /usr/lib/x86_64-linux-gnu/libxcb-xfixes.so.0.0.0
7e63b0a66000-7e63b0a68000 r--p 00006000 fc:01 8947161                    /usr/lib/x86_64-linux-gnu/libxcb-xfixes.so.0.0.0
7e63b0a68000-7e63b0a69000 r--p 00007000 fc:01 8947161                    /usr/lib/x86_64-linux-gnu/libxcb-xfixes.so.0.0.0
7e63b0a69000-7e63b0a6a000 rw-p 00008000 fc:01 8947161                    /usr/lib/x86_64-linux-gnu/libxcb-xfixes.so.0.0.0
7e63b0a6a000-7e63b0a71000 r--p 00000000 fc:01 8947145                    /usr/lib/x86_64-linux-gnu/libxcb-randr.so.0.1.0
7e63b0a71000-7e63b0a76000 r-xp 00007000 fc:01 8947145                    /usr/lib/x86_64-linux-gnu/libxcb-randr.so.0.1.0
7e63b0a76000-7e63b0a79000 r--p 0000c000 fc:01 8947145                    /usr/lib/x86_64-linux-gnu/libxcb-randr.so.0.1.0
7e63b0a79000-7e63b0a7a000 r--p 0000f000 fc:01 8947145                    /usr/lib/x86_64-linux-gnu/libxcb-randr.so.0.1.0
7e63b0a7a000-7e63b0a7b000 rw-p 00010000 fc:01 8947145                    /usr/lib/x86_64-linux-gnu/libxcb-randr.so.0.1.0
7e63b0a7b000-7e63b0a8a000 r--p 00000000 fc:01 8916704                    /usr/lib/x86_64-linux-gnu/libEGL_mesa.so.0.0.0
7e63b0a8a000-7e63b0ab2000 r-xp 0000f000 fc:01 8916704                    /usr/lib/x86_64-linux-gnu/libEGL_mesa.so.0.0.0
7e63b0ab2000-7e63b0ac3000 r--p 00037000 fc:01 8916704                    /usr/lib/x86_64-linux-gnu/libEGL_mesa.so.0.0.0
7e63b0ac3000-7e63b0acf000 r--p 00047000 fc:01 8916704                    /usr/lib/x86_64-linux-gnu/libEGL_mesa.so.0.0.0
7e63b0acf000-7e63b0ad0000 rw-p 00053000 fc:01 8916704                    /usr/lib/x86_64-linux-gnu/libEGL_mesa.so.0.0.0
7e63b0ad0000-7e63b0ad4000 ---p 00000000 00:00 0 
7e63b0ad4000-7e63b0bd0000 rw-p 00000000 00:00 0 
7e63b0bd0000-7e63b0bd3000 r--p 00000000 fc:01 8945209                    /usr/lib/x86_64-linux-gnu/libEGL.so.1.1.0
7e63b0bd3000-7e63b0bdd000 r-xp 00003000 fc:01 8945209                    /usr/lib/x86_64-linux-gnu/libEGL.so.1.1.0
7e63b0bdd000-7e63b0be0000 r--p 0000d000 fc:01 8945209                    /usr/lib/x86_64-linux-gnu/libEGL.so.1.1.0
7e63b0be0000-7e63b0be1000 r--p 00010000 fc:01 8945209                    /usr/lib/x86_64-linux-gnu/libEGL.so.1.1.0
7e63b0be1000-7e63b0be2000 rw-p 00011000 fc:01 8945209                    /usr/lib/x86_64-linux-gnu/libEGL.so.1.1.0
7e63b0be2000-7e63b0be6000 ---p 00000000 00:00 0 
7e63b0be6000-7e63b0c04000 rw-p 00000000 00:00 0 
7e63b0c04000-7e63b0c08000 ---p 00000000 00:00 0 
7e63b0c08000-7e63b0d04000 rw-p 00000000 00:00 0 
7e63b0d04000-7e63b0d08000 r--p 00000000 fc:01 8918397                    /usr/lib/x86_64-linux-gnu/libgpg-error.so.0.34.0
7e63b0d08000-7e63b0d1e000 r-xp 00004000 fc:01 8918397                    /usr/lib/x86_64-linux-gnu/libgpg-error.so.0.34.0
7e63b0d1e000-7e63b0d27000 r--p 0001a000 fc:01 8918397                    /usr/lib/x86_64-linux-gnu/libgpg-error.so.0.34.0
7e63b0d27000-7e63b0d28000 r--p 00023000 fc:01 8918397                    /usr/lib/x86_64-linux-gnu/libgpg-error.so.0.34.0
7e63b0d28000-7e63b0d29000 rw-p 00024000 fc:01 8918397                    /usr/lib/x86_64-linux-gnu/libgpg-error.so.0.34.0
7e63b0d29000-7e63b0d38000 r--p 00000000 00:32 244390439                  /usr/lib/libgcrypt.so.20
7e63b0d38000-7e63b0e1e000 r-xp 0000f000 00:32 244390439                  /usr/lib/libgcrypt.so.20
7e63b0e1e000-7e63b0e5c000 r--p 000f5000 00:32 244390439                  /usr/lib/libgcrypt.so.20
7e63b0e5c000-7e63b0e5d000 ---p 00133000 00:32 244390439                  /usr/lib/libgcrypt.so.20
7e63b0e5d000-7e63b0e60000 r--p 00133000 00:32 244390439                  /usr/lib/libgcrypt.so.20
7e63b0e60000-7e63b0e66000 rw-p 00136000 00:32 244390439                  /usr/lib/libgcrypt.so.20
7e63b0e66000-7e63b0e67000 rw-p 00000000 00:00 0 
7e63b0e67000-7e63b0e69000 r--p 00000000 00:32 552665767                  /usr/lib/liblz4.so.1
7e63b0e69000-7e63b0e82000 r-xp 00002000 00:32 552665767                  /usr/lib/liblz4.so.1
7e63b0e82000-7e63b0e84000 r--p 0001b000 00:32 552665767                  /usr/lib/liblz4.so.1
7e63b0e84000-7e63b0e85000 ---p 0001d000 00:32 552665767                  /usr/lib/liblz4.so.1
7e63b0e85000-7e63b0e86000 r--p 0001d000 00:32 552665767                  /usr/lib/liblz4.so.1
7e63b0e86000-7e63b0e87000 rw-p 0001e000 00:32 552665767                  /usr/lib/liblz4.so.1
7e63b0e87000-7e63b0e91000 r--p 00000000 00:32 552670719                  /usr/lib/libzstd.so.1
7e63b0e91000-7e63b0f43000 r-xp 0000a000 00:32 552670719                  /usr/lib/libzstd.so.1
7e63b0f43000-7e63b0f54000 r--p 000bc000 00:32 552670719                  /usr/lib/libzstd.so.1
7e63b0f54000-7e63b0f55000 r--p 000cc000 00:32 552670719                  /usr/lib/libzstd.so.1
7e63b0f55000-7e63b0f56000 rw-p 000cd000 00:32 552670719                  /usr/lib/libzstd.so.1
7e63b0f56000-7e63b0f59000 r--p 00000000 00:32 552665799                  /usr/lib/liblzma.so.5
7e63b0f59000-7e63b0f74000 r-xp 00003000 00:32 552665799                  /usr/lib/liblzma.so.5
7e63b0f74000-7e63b0f7f000 r--p 0001e000 00:32 552665799                  /usr/lib/liblzma.so.5
7e63b0f7f000-7e63b0f80000 r--p 00028000 00:32 552665799                  /usr/lib/liblzma.so.5
7e63b0f80000-7e63b0f81000 rw-p 00029000 00:32 552665799                  /usr/lib/liblzma.so.5
7e63b0f81000-7e63b0f94000 r--p 00000000 00:32 552668807                  /usr/lib/libsystemd.so.0
7e63b0f94000-7e63b1013000 r-xp 00013000 00:32 552668807                  /usr/lib/libsystemd.so.0
7e63b1013000-7e63b103e000 r--p 00092000 00:32 552668807                  /usr/lib/libsystemd.so.0
7e63b103e000-7e63b103f000 ---p 000bd000 00:32 552668807                  /usr/lib/libsystemd.so.0
7e63b103f000-7e63b1046000 r--p 000bd000 00:32 552668807                  /usr/lib/libsystemd.so.0
7e63b1046000-7e63b1047000 rw-p 000c4000 00:32 552668807                  /usr/lib/libsystemd.so.0
7e63b1047000-7e63b1048000 rw-p 00000000 00:00 0 
7e63b1048000-7e63b1054000 r--p 00000000 fc:01 8945762                    /usr/lib/x86_64-linux-gnu/libdbus-1.so.3.32.4
7e63b1054000-7e63b1084000 r-xp 0000c000 fc:01 8945762                    /usr/lib/x86_64-linux-gnu/libdbus-1.so.3.32.4
7e63b1084000-7e63b1095000 r--p 0003c000 fc:01 8945762                    /usr/lib/x86_64-linux-gnu/libdbus-1.so.3.32.4
7e63b1095000-7e63b1096000 r--p 0004c000 fc:01 8945762                    /usr/lib/x86_64-linux-gnu/libdbus-1.so.3.32.4
7e63b1096000-7e63b1097000 rw-p 0004d000 fc:01 8945762                    /usr/lib/x86_64-linux-gnu/libdbus-1.so.3.32.4
7e63b11e7000-7e63b12a7000 rw-s 10c34d000 00:0f 1059                      anon_inode:i915.gem
7e63b12a7000-7e63b12b7000 rw-s 108d97000 00:0f 1059                      anon_inode:i915.gem
7e63b12d7000-7e63b12e7000 rw-s 1075f7000 00:0f 1059                      anon_inode:i915.gem
7e63b12e7000-7e63b12f7000 rw-s 106760000 00:0f 1059                      anon_inode:i915.gem
7e63b12f7000-7e63b1307000 rw-s 10ac49000 00:0f 1059                      anon_inode:i915.gem
7e63b1597000-7e63b15f5000 r--s 00000000 fc:01 6557063                    /var/cache/fontconfig/2300eef321c393bfd76478a5c0e95b23-le64.cache-9
7e63b15f5000-7e63b15f9000 ---p 00000000 00:00 0 
7e63b15f9000-7e63b16f5000 rw-p 00000000 00:00 0 
7e63b16f5000-7e63b16f6000 ---p 00000000 00:00 0 
7e63b16f6000-7e63b17f6000 rw-p 00000000 00:00 0 
7e63b17f6000-7e63b17f7000 ---p 00000000 00:00 0 
7e63b17f7000-7e63b18f7000 rw-p 00000000 00:00 0 
7e63b18f7000-7e63b18f8000 ---p 00000000 00:00 0 
7e63b18f8000-7e63b19f8000 rw-p 00000000 00:00 0 
7e63b19f8000-7e63b19f9000 ---p 00000000 00:00 0 
7e63b19f9000-7e63b1af9000 rw-p 00000000 00:00 0 
7e63b1af9000-7e63b1afa000 ---p 00000000 00:00 0 
7e63b1afa000-7e63b1bfa000 rw-p 00000000 00:00 0 
7e63b1bfa000-7e63b1bfb000 ---p 00000000 00:00 0 
7e63b1bfb000-7e63b1cfb000 rw-p 00000000 00:00 0 
7e63b1cfb000-7e63b1cfc000 ---p 00000000 00:00 0 
7e63b1cfc000-7e63b1dfc000 rw-p 00000000 00:00 0 
7e63b1dfc000-7e63b1dfd000 ---p 00000000 00:00 0 
7e63b1dfd000-7e63b1efd000 rw-p 00000000 00:00 0 
7e63b1efd000-7e63b1efe000 ---p 00000000 00:00 0 
7e63b1efe000-7e63b1ffe000 rw-p 00000000 00:00 0 
7e63b1ffe000-7e63b1fff000 ---p 00000000 00:00 0 
7e63b1fff000-7e63b20ff000 rw-p 00000000 00:00 0 
7e63b20ff000-7e63b2100000 ---p 00000000 00:00 0 
7e63b2100000-7e63b2200000 rw-p 00000000 00:00 0 
7e63b2200000-7e63b2204000 ---p 00000000 00:00 0 
7e63b2204000-7e63b2300000 rw-p 00000000 00:00 0 
7e63b2300000-7e63b2304000 ---p 00000000 00:00 0 
7e63b2304000-7e63b2400000 rw-p 00000000 00:00 0 
7e63b2400000-7e63b2404000 ---p 00000000 00:00 0 
7e63b2404000-7e63b2500000 rw-p 00000000 00:00 0 
7e63b2500000-7e63b2504000 ---p 00000000 00:00 0 
7e63b2504000-7e63b2600000 rw-p 00000000 00:00 0 
7e63b2600000-7e63b3f1a000 r-xp 00000000 00:32 4069                       /usr/lib/app/libskiko-linux-x64.so
7e63b3f1a000-7e63b3f52000 r--p 01919000 00:32 4069                       /usr/lib/app/libskiko-linux-x64.so
7e63b3f52000-7e63b3f55000 rw-p 01951000 00:32 4069                       /usr/lib/app/libskiko-linux-x64.so
7e63b3f55000-7e63b3f5e000 rw-p 00000000 00:00 0 
7e63b3f5e000-7e63b3f5f000 r--p 00000000 00:32 552670483                  /usr/lib/libxcb-shm.so.0
7e63b3f5f000-7e63b3f60000 r-xp 00001000 00:32 552670483                  /usr/lib/libxcb-shm.so.0
7e63b3f60000-7e63b3f61000 r--p 00002000 00:32 552670483                  /usr/lib/libxcb-shm.so.0
7e63b3f61000-7e63b3f62000 r--p 00002000 00:32 552670483                  /usr/lib/libxcb-shm.so.0
7e63b3f62000-7e63b3f63000 rw-p 00003000 00:32 552670483                  /usr/lib/libxcb-shm.so.0
7e63b3f63000-7e63b3f65000 r--p 00000000 fc:01 8916707                    /usr/lib/x86_64-linux-gnu/libgbm.so.1.0.0
7e63b3f65000-7e63b3f67000 r-xp 00002000 fc:01 8916707                    /usr/lib/x86_64-linux-gnu/libgbm.so.1.0.0
7e63b3f67000-7e63b3f68000 r--p 00004000 fc:01 8916707                    /usr/lib/x86_64-linux-gnu/libgbm.so.1.0.0
7e63b3f68000-7e63b3f69000 r--p 00004000 fc:01 8916707                    /usr/lib/x86_64-linux-gnu/libgbm.so.1.0.0
7e63b3f69000-7e63b3f6a000 rw-p 00005000 fc:01 8916707                    /usr/lib/x86_64-linux-gnu/libgbm.so.1.0.0
7e63b3f6a000-7e63b3f6d000 r--p 00000000 00:32 244389179                  /usr/lib/libcap.so.2
7e63b3f6d000-7e63b3f71000 r-xp 00003000 00:32 244389179                  /usr/lib/libcap.so.2
7e63b3f71000-7e63b3f73000 r--p 00007000 00:32 244389179                  /usr/lib/libcap.so.2
7e63b3f73000-7e63b3f74000 r--p 00008000 00:32 244389179                  /usr/lib/libcap.so.2
7e63b3f74000-7e63b3f75000 rw-p 00009000 00:32 244389179                  /usr/lib/libcap.so.2
7e63b3f75000-7e63b3f76000 r--p 00000000 fc:01 8946540                    /usr/lib/x86_64-linux-gnu/libnss_mdns4_minimal.so.2
7e63b3f76000-7e63b3f78000 r-xp 00001000 fc:01 8946540                    /usr/lib/x86_64-linux-gnu/libnss_mdns4_minimal.so.2
7e63b3f78000-7e63b3f79000 r--p 00003000 fc:01 8946540                    /usr/lib/x86_64-linux-gnu/libnss_mdns4_minimal.so.2
7e63b3f79000-7e63b3f7a000 r--p 00003000 fc:01 8946540                    /usr/lib/x86_64-linux-gnu/libnss_mdns4_minimal.so.2
7e63b3f7a000-7e63b3f7b000 rw-p 00004000 fc:01 8946540                    /usr/lib/x86_64-linux-gnu/libnss_mdns4_minimal.so.2
7e63b3f7c000-7e63b3f8c000 rw-s 10a5d2000 00:0f 1059                      anon_inode:i915.gem
7e63b3f8c000-7e63b3f8d000 r-xp 00000000 00:32 785122579                  /usr/lib/runtime/lib/libprefs.so
7e63b3f8d000-7e63b3f8e000 ---p 00001000 00:32 785122579                  /usr/lib/runtime/lib/libprefs.so
7e63b3f8e000-7e63b3f8f000 r--p 00001000 00:32 785122579                  /usr/lib/runtime/lib/libprefs.so
7e63b3f8f000-7e63b3f90000 rw-p 00002000 00:32 785122579                  /usr/lib/runtime/lib/libprefs.so
7e63b3f90000-7e63b3f9e000 r--s 00000000 fc:01 6557422                    /var/cache/fontconfig/a4e60e8d1e10d2fdff3fe3037a1845fb-le64.cache-9
7e63b3f9e000-7e63b3fb5000 r--s 00000000 fc:01 6556997                    /var/cache/fontconfig/d52a8644073d54c13679302ca1180695-le64.cache-9
7e63b3fb5000-7e63b3fc2000 r--s 00000000 fc:01 6556942                    /var/cache/fontconfig/d589a48862398ed80a3d6066f4f56f4c-le64.cache-9
7e63b3fc2000-7e63b4000000 r--s 00000000 fc:01 6555339                    /var/cache/fontconfig/8e9b30aecc0c8240f8a4d2607c7e3b00-le64.cache-9
7e63b4000000-7e63b4133000 rw-p 00000000 00:00 0 
7e63b4133000-7e63b8000000 ---p 00000000 00:00 0 
7e63b8000000-7e63b80cf000 rw-p 00000000 00:00 0 
7e63b80cf000-7e63bc000000 ---p 00000000 00:00 0 
7e63bc000000-7e63be449000 rw-p 00000000 00:00 0 
7e63be449000-7e63c0000000 ---p 00000000 00:00 0 
7e63c0000000-7e63c200f000 rw-p 00000000 00:00 0 
7e63c200f000-7e63c4000000 ---p 00000000 00:00 0 
7e63c4000000-7e63c413b000 rw-p 00000000 00:00 0 
7e63c413b000-7e63c8000000 ---p 00000000 00:00 0 
7e63c8000000-7e63c80af000 rw-p 00000000 00:00 0 
7e63c80af000-7e63cc000000 ---p 00000000 00:00 0 
7e63cc000000-7e63cc10e000 rw-p 00000000 00:00 0 
7e63cc10e000-7e63d0000000 ---p 00000000 00:00 0 
7e63d0000000-7e63d008f000 rw-p 00000000 00:00 0 
7e63d008f000-7e63d4000000 ---p 00000000 00:00 0 
7e63d4000000-7e63d4d5b000 rw-p 00000000 00:00 0 
7e63d4d5b000-7e63d8000000 ---p 00000000 00:00 0 
7e63d8000000-7e63d8111000 rw-p 00000000 00:00 0 
7e63d8111000-7e63dc000000 ---p 00000000 00:00 0 
7e63dc000000-7e63dc470000 rw-p 00000000 00:00 0 
7e63dc470000-7e63dc4f0000 rw-p 00000000 00:00 0 
7e63dc4f0000-7e63dc6f0000 rw-p 00000000 00:00 0 
7e63dc6f0000-7e63dc7f0000 rw-p 00000000 00:00 0 
7e63dc7f0000-7e63dc8f0000 rw-p 00000000 00:00 0 
7e63dc8f0000-7e63dcaf0000 rw-p 00000000 00:00 0 
7e63dcaf0000-7e63dcb30000 rw-p 00000000 00:00 0 
7e63dcb30000-7e63dcb70000 rw-p 00000000 00:00 0 
7e63dcb70000-7e63dccf0000 rw-p 00000000 00:00 0 
7e63dccf0000-7e63dcdf0000 rw-p 00000000 00:00 0 
7e63dcdf0000-7e63dd170000 rw-p 00000000 00:00 0 
7e63dd170000-7e63dd2f0000 rw-p 00000000 00:00 0 
7e63dd2f0000-7e63dd4f0000 rw-p 00000000 00:00 0 
7e63dd4f0000-7e63dd5f0000 rw-p 00000000 00:00 0 
7e63dd5f0000-7e63dd970000 rw-p 00000000 00:00 0 
7e63dd970000-7e63dd9f0000 rw-p 00000000 00:00 0 
7e63dd9f0000-7e63de1f0000 rw-p 00000000 00:00 0 
7e63de1f0000-7e63de2f0000 rw-p 00000000 00:00 0 
7e63de2f0000-7e63de3f0000 rw-p 00000000 00:00 0 
7e63de3f0000-7e63de570000 rw-p 00000000 00:00 0 
7e63de570000-7e63de6f0000 rw-p 00000000 00:00 0 
7e63de6f0000-7e63de7f0000 rw-p 00000000 00:00 0 
7e63de7f0000-7e63de9f0000 rw-p 00000000 00:00 0 
7e63de9f0000-7e63deab0000 rw-p 00000000 00:00 0 
7e63deab0000-7e63deaf0000 rw-p 00000000 00:00 0 
7e63deaf0000-7e63decb0000 rw-p 00000000 00:00 0 
7e63decb0000-7e63decf0000 rw-p 00000000 00:00 0 
7e63decf0000-7e63deef0000 rw-p 00000000 00:00 0 
7e63deef0000-7e63deff0000 rw-p 00000000 00:00 0 
7e63deff0000-7e63df1d0000 rw-p 00000000 00:00 0 
7e63df1d0000-7e63df1f0000 rw-p 00000000 00:00 0 
7e63df1f0000-7e63df2f0000 rw-p 00000000 00:00 0 
7e63df2f0000-7e63df3f0000 rw-p 00000000 00:00 0 
7e63df3f0000-7e63df4f0000 rw-p 00000000 00:00 0 
7e63df4f0000-7e63df5f0000 rw-p 00000000 00:00 0 
7e63df5f0000-7e63dfaf0000 rw-p 00000000 00:00 0 
7e63dfaf0000-7e63dfbf0000 rw-p 00000000 00:00 0 
7e63dfbf0000-7e63dfff0000 rw-p 00000000 00:00 0 
7e63dfff0000-7e63e0506000 rw-p 00000000 00:00 0 
7e63e0506000-7e63e4000000 ---p 00000000 00:00 0 
7e63e4000000-7e63e40f2000 rw-p 00000000 00:00 0 
7e63e40f2000-7e63e8000000 ---p 00000000 00:00 0 
7e63e8000000-7e63e810b000 rw-p 00000000 00:00 0 
7e63e810b000-7e63ec000000 ---p 00000000 00:00 0 
7e63ec000000-7e63ec010000 r--s 00000000 fc:01 6556780                    /var/cache/fontconfig/6cc790b63b123a6a96ee260fcdad32a9-le64.cache-9
7e63ec010000-7e63ec038000 r--s 00000000 fc:01 6556362                    /var/cache/fontconfig/9b89f8e3dae116d678bbf48e5f21f69b-le64.cache-9
7e63ec038000-7e63ec03a000 r--p 00000000 fc:01 8945328                    /usr/lib/x86_64-linux-gnu/libXrandr.so.2.2.0
7e63ec03a000-7e63ec041000 r-xp 00002000 fc:01 8945328                    /usr/lib/x86_64-linux-gnu/libXrandr.so.2.2.0
7e63ec041000-7e63ec043000 r--p 00009000 fc:01 8945328                    /usr/lib/x86_64-linux-gnu/libXrandr.so.2.2.0
7e63ec043000-7e63ec044000 r--p 0000a000 fc:01 8945328                    /usr/lib/x86_64-linux-gnu/libXrandr.so.2.2.0
7e63ec044000-7e63ec045000 rw-p 0000b000 fc:01 8945328                    /usr/lib/x86_64-linux-gnu/libXrandr.so.2.2.0
7e63ec275000-7e63ec2f5000 rw-s 108097000 00:0f 1059                      anon_inode:i915.gem
7e63ec335000-7e63ec345000 rw-s 1006ad000 00:0f 1059                      anon_inode:i915.gem
7e63ec345000-7e63ec349000 ---p 00000000 00:00 0 
7e63ec349000-7e63ec445000 rw-p 00000000 00:00 0 
7e63ec445000-7e63ec449000 ---p 00000000 00:00 0 
7e63ec449000-7e63ec545000 rw-p 00000000 00:00 0 
7e63ec545000-7e63ec547000 r--p 00000000 fc:01 8945302                    /usr/lib/x86_64-linux-gnu/libXcursor.so.1.0.2
7e63ec547000-7e63ec54d000 r-xp 00002000 fc:01 8945302                    /usr/lib/x86_64-linux-gnu/libXcursor.so.1.0.2
7e63ec54d000-7e63ec54f000 r--p 00008000 fc:01 8945302                    /usr/lib/x86_64-linux-gnu/libXcursor.so.1.0.2
7e63ec54f000-7e63ec550000 r--p 00009000 fc:01 8945302                    /usr/lib/x86_64-linux-gnu/libXcursor.so.1.0.2
7e63ec550000-7e63ec551000 rw-p 0000a000 fc:01 8945302                    /usr/lib/x86_64-linux-gnu/libXcursor.so.1.0.2
7e63ec551000-7e63ec5f1000 r-xp 00000000 00:32 785122107                  /usr/lib/runtime/lib/libfreetype.so
7e63ec5f1000-7e63ec5f7000 r--p 0009f000 00:32 785122107                  /usr/lib/runtime/lib/libfreetype.so
7e63ec5f7000-7e63ec5f8000 rw-p 000a5000 00:32 785122107                  /usr/lib/runtime/lib/libfreetype.so
7e63ec5f8000-7e63ec7a5000 r-xp 00000000 00:32 785122015                  /usr/lib/runtime/lib/libfontmanager.so
7e63ec7a5000-7e63ec7a6000 ---p 001ad000 00:32 785122015                  /usr/lib/runtime/lib/libfontmanager.so
7e63ec7a6000-7e63ec7a8000 r--p 001ad000 00:32 785122015                  /usr/lib/runtime/lib/libfontmanager.so
7e63ec7a8000-7e63ec7a9000 rw-p 001af000 00:32 785122015                  /usr/lib/runtime/lib/libfontmanager.so
7e63ec7a9000-7e63ec7aa000 rw-p 00000000 00:00 0 
7e63ec7aa000-7e63ec7ad000 r--p 00000000 fc:01 8945316                    /usr/lib/x86_64-linux-gnu/libXi.so.6.1.0
7e63ec7ad000-7e63ec7b9000 r-xp 00003000 fc:01 8945316                    /usr/lib/x86_64-linux-gnu/libXi.so.6.1.0
7e63ec7b9000-7e63ec7bb000 r--p 0000f000 fc:01 8945316                    /usr/lib/x86_64-linux-gnu/libXi.so.6.1.0
7e63ec7bb000-7e63ec7bc000 r--p 00011000 fc:01 8945316                    /usr/lib/x86_64-linux-gnu/libXi.so.6.1.0
7e63ec7bc000-7e63ec7bd000 rw-p 00012000 fc:01 8945316                    /usr/lib/x86_64-linux-gnu/libXi.so.6.1.0
7e63ec7bd000-7e63ec7be000 rw-s 109cf5000 00:0f 1059                      anon_inode:i915.gem
7e63ec7be000-7e63ec7bf000 rw-s 10aadc000 00:0f 1059                      anon_inode:i915.gem
7e63ec7bf000-7e63ec7c0000 rw-s 10aadb000 00:0f 1059                      anon_inode:i915.gem
7e63ec7c0000-7e63ec7c7000 r--s 00000000 fc:01 8944554                    /usr/lib/x86_64-linux-gnu/gconv/gconv-modules.cache
7e63ec7c7000-7e63ec7d8000 r--s 00000000 fc:01 6555322                    /var/cache/fontconfig/e13b20fdb08344e0e664864cc2ede53d-le64.cache-9
7e63ec7d8000-7e63ec84b000 r-xp 00000000 00:32 785121963                  /usr/lib/runtime/lib/libawt_xawt.so
7e63ec84b000-7e63ec851000 r--p 00072000 00:32 785121963                  /usr/lib/runtime/lib/libawt_xawt.so
7e63ec851000-7e63ec853000 rw-p 00078000 00:32 785121963                  /usr/lib/runtime/lib/libawt_xawt.so
7e63ec853000-7e63ec855000 rw-p 00000000 00:00 0 
7e63ec855000-7e63ec902000 r-xp 00000000 00:32 785121871                  /usr/lib/runtime/lib/libawt.so
7e63ec902000-7e63ec903000 ---p 000ad000 00:32 785121871                  /usr/lib/runtime/lib/libawt.so
7e63ec903000-7e63ec904000 r--p 000ad000 00:32 785121871                  /usr/lib/runtime/lib/libawt.so
7e63ec904000-7e63ec90f000 rw-p 000ae000 00:32 785121871                  /usr/lib/runtime/lib/libawt.so
7e63ec90f000-7e63ec934000 rw-p 00000000 00:00 0 
7e63ec934000-7e63ec941000 r--p 00000000 fc:01 8914279                    /usr/lib/x86_64-linux-gnu/libfreetype.so.6.20.1
7e63ec941000-7e63ec9d2000 r-xp 0000d000 fc:01 8914279                    /usr/lib/x86_64-linux-gnu/libfreetype.so.6.20.1
7e63ec9d2000-7e63ec9f8000 r--p 0009e000 fc:01 8914279                    /usr/lib/x86_64-linux-gnu/libfreetype.so.6.20.1
7e63ec9f8000-7e63ec9ff000 r--p 000c4000 fc:01 8914279                    /usr/lib/x86_64-linux-gnu/libfreetype.so.6.20.1
7e63ec9ff000-7e63eca00000 rw-p 000cb000 fc:01 8914279                    /usr/lib/x86_64-linux-gnu/libfreetype.so.6.20.1
7e63eca00000-7e63eca9d000 r--p 00000000 fc:01 8912928                    /usr/lib/x86_64-linux-gnu/libstdc++.so.6.0.33
7e63eca9d000-7e63ecbe5000 r-xp 0009d000 fc:01 8912928                    /usr/lib/x86_64-linux-gnu/libstdc++.so.6.0.33
7e63ecbe5000-7e63ecc6c000 r--p 001e5000 fc:01 8912928                    /usr/lib/x86_64-linux-gnu/libstdc++.so.6.0.33
7e63ecc6c000-7e63ecc77000 r--p 0026b000 fc:01 8912928                    /usr/lib/x86_64-linux-gnu/libstdc++.so.6.0.33
7e63ecc77000-7e63ecc7a000 rw-p 00276000 fc:01 8912928                    /usr/lib/x86_64-linux-gnu/libstdc++.so.6.0.33
7e63ecc7a000-7e63ecc7e000 rw-p 00000000 00:00 0 
7e63ecc7e000-7e63ecc7f000 r--p 00000000 fc:01 8945289                    /usr/lib/x86_64-linux-gnu/libX11-xcb.so.1.0.0
7e63ecc7f000-7e63ecc80000 r-xp 00001000 fc:01 8945289                    /usr/lib/x86_64-linux-gnu/libX11-xcb.so.1.0.0
7e63ecc80000-7e63ecc81000 r--p 00002000 fc:01 8945289                    /usr/lib/x86_64-linux-gnu/libX11-xcb.so.1.0.0
7e63ecc81000-7e63ecc82000 r--p 00002000 fc:01 8945289                    /usr/lib/x86_64-linux-gnu/libX11-xcb.so.1.0.0
7e63ecc82000-7e63ecc83000 rw-p 00003000 fc:01 8945289                    /usr/lib/x86_64-linux-gnu/libX11-xcb.so.1.0.0
7e63ecc83000-7e63ecc84000 r-xp 00000000 00:24 15383                      /tmp/SRTQfB (deleted)
7e63ecc84000-7e63ecc85000 rw-p 00000000 00:00 0 
7e63ecc85000-7e63ecc86000 r-xp 00000000 00:32 785122243                  /usr/lib/runtime/lib/libjawt.so
7e63ecc86000-7e63ecc87000 r--p 00000000 00:32 785122243                  /usr/lib/runtime/lib/libjawt.so
7e63ecc87000-7e63ecc88000 rw-p 00001000 00:32 785122243                  /usr/lib/runtime/lib/libjawt.so
7e63ecc88000-7e63ecc8a000 r--p 00000000 00:32 244387463                  /usr/lib/libXrender.so.1
7e63ecc8a000-7e63ecc91000 r-xp 00002000 00:32 244387463                  /usr/lib/libXrender.so.1
7e63ecc91000-7e63ecc93000 r--p 00009000 00:32 244387463                  /usr/lib/libXrender.so.1
7e63ecc93000-7e63ecc94000 r--p 0000a000 00:32 244387463                  /usr/lib/libXrender.so.1
7e63ecc94000-7e63ecc95000 rw-p 0000b000 00:32 244387463                  /usr/lib/libXrender.so.1
7e63ecc95000-7e63ecc96000 r--p 00000000 00:32 244388879                  /usr/lib/libbrotlicommon.so.1
7e63ecc96000-7e63ecc97000 r-xp 00001000 00:32 244388879                  /usr/lib/libbrotlicommon.so.1
7e63ecc97000-7e63eccb6000 r--p 00002000 00:32 244388879                  /usr/lib/libbrotlicommon.so.1
7e63eccb6000-7e63eccb7000 r--p 00020000 00:32 244388879                  /usr/lib/libbrotlicommon.so.1
7e63eccb7000-7e63eccb8000 rw-p 00021000 00:32 244388879                  /usr/lib/libbrotlicommon.so.1
7e63eccb8000-7e63eccbc000 r--p 00000000 00:32 244388951                  /usr/lib/libbsd.so.0
7e63eccbc000-7e63eccc9000 r-xp 00004000 00:32 244388951                  /usr/lib/libbsd.so.0
7e63eccc9000-7e63ecccc000 r--p 00011000 00:32 244388951                  /usr/lib/libbsd.so.0
7e63ecccc000-7e63ecccd000 ---p 00014000 00:32 244388951                  /usr/lib/libbsd.so.0
7e63ecccd000-7e63eccce000 r--p 00014000 00:32 244388951                  /usr/lib/libbsd.so.0
7e63eccce000-7e63ecccf000 rw-p 00015000 00:32 244388951                  /usr/lib/libbsd.so.0
7e63ecccf000-7e63eccd0000 rw-p 00000000 00:00 0 
7e63eccd0000-7e63eccd5000 r--p 00000000 00:32 552667095                  /usr/lib/libpng16.so.16
7e63eccd5000-7e63eccfe000 r-xp 00005000 00:32 552667095                  /usr/lib/libpng16.so.16
7e63eccfe000-7e63ecd09000 r--p 0002e000 00:32 552667095                  /usr/lib/libpng16.so.16
7e63ecd09000-7e63ecd0a000 r--p 00038000 00:32 552667095                  /usr/lib/libpng16.so.16
7e63ecd0a000-7e63ecd0b000 rw-p 00039000 00:32 552667095                  /usr/lib/libpng16.so.16
7e63ecd0b000-7e63ecd4c000 r--p 00000000 fc:01 8945226                    /usr/lib/x86_64-linux-gnu/libGLdispatch.so.0.0.0
7e63ecd4c000-7e63ecd8b000 r-xp 00041000 fc:01 8945226                    /usr/lib/x86_64-linux-gnu/libGLdispatch.so.0.0.0
7e63ecd8b000-7e63ecd9e000 r--p 00080000 fc:01 8945226                    /usr/lib/x86_64-linux-gnu/libGLdispatch.so.0.0.0
7e63ecd9e000-7e63ecdba000 r--p 00093000 fc:01 8945226                    /usr/lib/x86_64-linux-gnu/libGLdispatch.so.0.0.0
7e63ecdba000-7e63ecdbb000 rw-p 000af000 fc:01 8945226                    /usr/lib/x86_64-linux-gnu/libGLdispatch.so.0.0.0
7e63ecdbb000-7e63ecdc3000 rw-p 00000000 00:00 0 
7e63ecdc3000-7e63ecddc000 r--p 00000000 fc:01 8945291                    /usr/lib/x86_64-linux-gnu/libX11.so.6.4.0
7e63ecddc000-7e63ece6c000 r-xp 00019000 fc:01 8945291                    /usr/lib/x86_64-linux-gnu/libX11.so.6.4.0
7e63ece6c000-7e63ecefb000 r--p 000a9000 fc:01 8945291                    /usr/lib/x86_64-linux-gnu/libX11.so.6.4.0
7e63ecefb000-7e63ecefc000 r--p 00138000 fc:01 8945291                    /usr/lib/x86_64-linux-gnu/libX11.so.6.4.0
7e63ecefc000-7e63ecf00000 rw-p 00139000 fc:01 8945291                    /usr/lib/x86_64-linux-gnu/libX11.so.6.4.0
7e63ed000000-7e63ed004000 ---p 00000000 00:00 0 
7e63ed004000-7e63ed100000 rw-p 00000000 00:00 0 
7e63ed100000-7e63ed104000 ---p 00000000 00:00 0 
7e63ed104000-7e63ed200000 rw-p 00000000 00:00 0 
7e63ed200000-7e63ed204000 ---p 00000000 00:00 0 
7e63ed204000-7e63ed300000 rw-p 00000000 00:00 0 
7e63ed300000-7e63ed304000 ---p 00000000 00:00 0 
7e63ed304000-7e63ed400000 rw-p 00000000 00:00 0 
7e63ed400000-7e63ed404000 ---p 00000000 00:00 0 
7e63ed404000-7e63ed500000 rw-p 00000000 00:00 0 
7e63ed500000-7e63ed504000 ---p 00000000 00:00 0 
7e63ed504000-7e63ed600000 rw-p 00000000 00:00 0 
7e63ed600000-7e63ed604000 ---p 00000000 00:00 0 
7e63ed604000-7e63ed700000 rw-p 00000000 00:00 0 
7e63ed700000-7e63ed704000 ---p 00000000 00:00 0 
7e63ed704000-7e63ed800000 rw-p 00000000 00:00 0 
7e63ed800000-7e63edd75000 r--p 00000000 fc:01 8913154                    /usr/lib/locale/locale-archive
7e63edd75000-7e63edd77000 r--s 00000000 fc:01 6562874                    /var/cache/fontconfig/a698622a1794665038244195796e69d1-le64.cache-9
7e63edd77000-7e63edd7c000 r--s 00000000 fc:01 6560227                    /var/cache/fontconfig/c57959a16110560c8d0fcea73374aeeb-le64.cache-9
7e63edd7c000-7e63edd7e000 r--p 00000000 00:32 552665931                  /usr/lib/libmd.so.0
7e63edd7e000-7e63edd85000 r-xp 00002000 00:32 552665931                  /usr/lib/libmd.so.0
7e63edd85000-7e63edd87000 r--p 00009000 00:32 552665931                  /usr/lib/libmd.so.0
7e63edd87000-7e63edd88000 r--p 0000a000 00:32 552665931                  /usr/lib/libmd.so.0
7e63edd88000-7e63edd89000 rw-p 0000b000 00:32 552665931                  /usr/lib/libmd.so.0
7e63edd89000-7e63edd8b000 r--p 00000000 fc:01 8947214                    /usr/lib/x86_64-linux-gnu/libz.so.1.3
7e63edd8b000-7e63edd9d000 r-xp 00002000 fc:01 8947214                    /usr/lib/x86_64-linux-gnu/libz.so.1.3
7e63edd9d000-7e63edda3000 r--p 00014000 fc:01 8947214                    /usr/lib/x86_64-linux-gnu/libz.so.1.3
7e63edda3000-7e63edda4000 r--p 0001a000 fc:01 8947214                    /usr/lib/x86_64-linux-gnu/libz.so.1.3
7e63edda4000-7e63edda5000 rw-p 0001b000 fc:01 8947214                    /usr/lib/x86_64-linux-gnu/libz.so.1.3
7e63edda5000-7e63edda9000 r--p 00000000 fc:01 8915290                    /usr/lib/x86_64-linux-gnu/libgcc_s.so.1
7e63edda9000-7e63eddcd000 r-xp 00004000 fc:01 8915290                    /usr/lib/x86_64-linux-gnu/libgcc_s.so.1
7e63eddcd000-7e63eddd1000 r--p 00028000 fc:01 8915290                    /usr/lib/x86_64-linux-gnu/libgcc_s.so.1
7e63eddd1000-7e63eddd2000 r--p 0002b000 fc:01 8915290                    /usr/lib/x86_64-linux-gnu/libgcc_s.so.1
7e63eddd2000-7e63eddd3000 rw-p 0002c000 fc:01 8915290                    /usr/lib/x86_64-linux-gnu/libgcc_s.so.1
7e63eddd3000-7e63eddd7000 r--p 00000000 fc:01 8914087                    /usr/lib/x86_64-linux-gnu/libexpat.so.1.9.1
7e63eddd7000-7e63eddf4000 r-xp 00004000 fc:01 8914087                    /usr/lib/x86_64-linux-gnu/libexpat.so.1.9.1
7e63eddf4000-7e63eddfc000 r--p 00021000 fc:01 8914087                    /usr/lib/x86_64-linux-gnu/libexpat.so.1.9.1
7e63eddfc000-7e63eddfe000 r--p 00028000 fc:01 8914087                    /usr/lib/x86_64-linux-gnu/libexpat.so.1.9.1
7e63eddfe000-7e63eddff000 rw-p 0002a000 fc:01 8914087                    /usr/lib/x86_64-linux-gnu/libexpat.so.1.9.1
7e63eddff000-7e63ede03000 ---p 00000000 00:00 0 
7e63ede03000-7e63edeff000 rw-p 00000000 00:00 0 
7e63edeff000-7e63edf00000 ---p 00000000 00:00 0 
7e63edf00000-7e63ee000000 rw-p 00000000 00:00 0 
7e63ee000000-7e63f0103000 rw-p 00000000 00:00 0 
7e63f0103000-7e63f4000000 ---p 00000000 00:00 0 
7e63f4000000-7e63f413b000 rw-p 00000000 00:00 0 
7e63f413b000-7e63f8000000 ---p 00000000 00:00 0 
7e63f8000000-7e63f80c0000 rw-p 00000000 00:00 0 
7e63f80c0000-7e63fc000000 ---p 00000000 00:00 0 
7e63fc000000-7e63fc00b000 r--s 00000000 fc:01 6554643                    /var/cache/fontconfig/d0972c3d32f097851eb916381fc38920-le64.cache-9
7e63fc00b000-7e63fc016000 r--p 00000000 fc:01 8947171                    /usr/lib/x86_64-linux-gnu/libxcb.so.1.1.0
7e63fc016000-7e63fc029000 r-xp 0000b000 fc:01 8947171                    /usr/lib/x86_64-linux-gnu/libxcb.so.1.1.0
7e63fc029000-7e63fc032000 r--p 0001e000 fc:01 8947171                    /usr/lib/x86_64-linux-gnu/libxcb.so.1.1.0
7e63fc032000-7e63fc033000 r--p 00026000 fc:01 8947171                    /usr/lib/x86_64-linux-gnu/libxcb.so.1.1.0
7e63fc033000-7e63fc034000 rw-p 00027000 fc:01 8947171                    /usr/lib/x86_64-linux-gnu/libxcb.so.1.1.0
7e63fc034000-7e63fc037000 r--p 00000000 fc:01 8945221                    /usr/lib/x86_64-linux-gnu/libGLX.so.0.0.0
7e63fc037000-7e63fc052000 r-xp 00003000 fc:01 8945221                    /usr/lib/x86_64-linux-gnu/libGLX.so.0.0.0
7e63fc052000-7e63fc055000 r--p 0001e000 fc:01 8945221                    /usr/lib/x86_64-linux-gnu/libGLX.so.0.0.0
7e63fc055000-7e63fc056000 r--p 00020000 fc:01 8945221                    /usr/lib/x86_64-linux-gnu/libGLX.so.0.0.0
7e63fc056000-7e63fc057000 rw-p 00021000 fc:01 8945221                    /usr/lib/x86_64-linux-gnu/libGLX.so.0.0.0
7e63fc057000-7e63fc067000 rw-p 00000000 00:00 0 
7e63fc067000-7e63fc0aa000 r--p 00000000 fc:01 8945215                    /usr/lib/x86_64-linux-gnu/libGL.so.1.7.0
7e63fc0aa000-7e63fc0ca000 r-xp 00043000 fc:01 8945215                    /usr/lib/x86_64-linux-gnu/libGL.so.1.7.0
7e63fc0ca000-7e63fc0de000 r--p 00063000 fc:01 8945215                    /usr/lib/x86_64-linux-gnu/libGL.so.1.7.0
7e63fc0de000-7e63fc0ec000 r--p 00077000 fc:01 8945215                    /usr/lib/x86_64-linux-gnu/libGL.so.1.7.0
7e63fc0ec000-7e63fc0ed000 rw-p 00085000 fc:01 8945215                    /usr/lib/x86_64-linux-gnu/libGL.so.1.7.0
7e63fc0ed000-7e63fc0ee000 rw-p 00000000 00:00 0 
7e63fc0ee000-7e63fc0ef000 ---p 00000000 00:00 0 
7e63fc0ef000-7e63fc1ef000 rw-p 00000000 00:00 0 
7e63fc1ef000-7e63fc270000 rw-p 00000000 00:00 0 
7e63fc270000-7e63fc271000 ---p 00000000 00:00 0 
7e63fc271000-7e63fc371000 rw-p 00000000 00:00 0 
7e63fc371000-7e63fc372000 ---p 00000000 00:00 0 
7e63fc372000-7e63fc472000 rw-p 00000000 00:00 0 
7e63fc472000-7e63fce7c000 rw-p 00000000 00:00 0 
7e63fce7c000-7e63fce7d000 ---p 00000000 00:00 0 
7e63fce7d000-7e63fcf7d000 rw-p 00000000 00:00 0 
7e63fcf7d000-7e63fcf7e000 ---p 00000000 00:00 0 
7e63fcf7e000-7e63fd07e000 rw-p 00000000 00:00 0 
7e63fd07e000-7e63fd07f000 ---p 00000000 00:00 0 
7e63fd07f000-7e63fd17f000 rw-p 00000000 00:00 0 
7e63fd17f000-7e63fd780000 rw-p 00000000 00:00 0 
7e63fd780000-7e640cc00000 ---p 00000000 00:00 0 
7e640cc00000-7e640cc01000 rw-s 100db7000 00:0f 1059                      anon_inode:i915.gem
7e640cc01000-7e640cc02000 r--p 00000000 00:32 244388919                  /usr/lib/libbrotlidec.so.1
7e640cc02000-7e640cc0a000 r-xp 00001000 00:32 244388919                  /usr/lib/libbrotlidec.so.1
7e640cc0a000-7e640cc0d000 r--p 00009000 00:32 244388919                  /usr/lib/libbrotlidec.so.1
7e640cc0d000-7e640cc0e000 r--p 0000b000 00:32 244388919                  /usr/lib/libbrotlidec.so.1
7e640cc0e000-7e640cc0f000 rw-p 0000c000 00:32 244388919                  /usr/lib/libbrotlidec.so.1
7e640cc0f000-7e640cc17000 r--p 00000000 fc:01 8945960                    /usr/lib/x86_64-linux-gnu/libfontconfig.so.1.12.1
7e640cc17000-7e640cc46000 r-xp 00008000 fc:01 8945960                    /usr/lib/x86_64-linux-gnu/libfontconfig.so.1.12.1
7e640cc46000-7e640cc5d000 r--p 00037000 fc:01 8945960                    /usr/lib/x86_64-linux-gnu/libfontconfig.so.1.12.1
7e640cc5d000-7e640cc5f000 r--p 0004d000 fc:01 8945960                    /usr/lib/x86_64-linux-gnu/libfontconfig.so.1.12.1
7e640cc5f000-7e640cc60000 rw-p 0004f000 fc:01 8945960                    /usr/lib/x86_64-linux-gnu/libfontconfig.so.1.12.1
7e640cc60000-7e640cc66000 r--s 00000000 fc:01 6556998                    /var/cache/fontconfig/3047814df9a2f067bd2d96a2b9c36e5a-le64.cache-9
7e640cc66000-7e640cc6a000 r--p 00000000 00:32 244387399                  /usr/lib/libXext.so.6
7e640cc6a000-7e640cc75000 r-xp 00004000 00:32 244387399                  /usr/lib/libXext.so.6
7e640cc75000-7e640cc79000 r--p 0000f000 00:32 244387399                  /usr/lib/libXext.so.6
7e640cc79000-7e640cc7a000 r--p 00012000 00:32 244387399                  /usr/lib/libXext.so.6
7e640cc7a000-7e640cc7b000 rw-p 00013000 00:32 244387399                  /usr/lib/libXext.so.6
7e640cc7b000-7e640cd2b000 rw-p 00000000 00:00 0 
7e640cd2b000-7e640ebbb000 ---p 00000000 00:00 0 
7e640ebbb000-7e640ec6b000 rw-p 00000000 00:00 0 
7e640ec6b000-7e6410afb000 ---p 00000000 00:00 0 
7e6410afb000-7e6411000000 rw-p 00000000 00:00 0 
7e6411000000-7e64130e0000 rwxp 00000000 00:00 0 
7e64130e0000-7e6418537000 ---p 00000000 00:00 0 
7e6418537000-7e64189a7000 rwxp 00000000 00:00 0 
7e64189a7000-7e6418ac9000 ---p 00000000 00:00 0 
7e6418ac9000-7e64195b9000 rwxp 00000000 00:00 0 
7e64195b9000-7e6420000000 ---p 00000000 00:00 0 
7e6420000000-7e6420c43000 rw-p 00000000 00:00 0 
7e6420c43000-7e6424000000 ---p 00000000 00:00 0 
7e6424000000-7e6424600000 rw-p 00000000 00:00 0 
7e6424600000-7e6427d03000 r--s 00000000 00:32 785122751                  /usr/lib/runtime/lib/modules
7e6427d03000-7e6427d04000 r--s 00000000 fc:01 6555265                    /var/cache/fontconfig/0bd3dc0958fa2205aaaa8ebb13e2872b-le64.cache-9
7e6427d04000-7e6427d05000 r--s 00000000 fc:01 6560370                    /var/cache/fontconfig/da43223dd54fb3bb4243ae19d4b583b2-le64.cache-9
7e6427d05000-7e6427d07000 r--p 00000000 00:32 244387431                  /usr/lib/libXfixes.so.3
7e6427d07000-7e6427d0a000 r-xp 00002000 00:32 244387431                  /usr/lib/libXfixes.so.3
7e6427d0a000-7e6427d0b000 r--p 00005000 00:32 244387431                  /usr/lib/libXfixes.so.3
7e6427d0b000-7e6427d0c000 r--p 00006000 00:32 244387431                  /usr/lib/libXfixes.so.3
7e6427d0c000-7e6427d0d000 rw-p 00007000 00:32 244387431                  /usr/lib/libXfixes.so.3
7e6427d0d000-7e6427d28000 r-xp 00000000 00:32 785122719                  /usr/lib/runtime/lib/libzip.so
7e6427d28000-7e6427d29000 r--p 0001a000 00:32 785122719                  /usr/lib/runtime/lib/libzip.so
7e6427d29000-7e6427d2a000 rw-p 0001b000 00:32 785122719                  /usr/lib/runtime/lib/libzip.so
7e6427d2a000-7e6427d40000 rw-p 00000000 00:00 0 
7e6427d40000-7e6427e15000 ---p 00000000 00:00 0 
7e6427e15000-7e6427e57000 rw-p 00000000 00:00 0 
7e6427e57000-7e6427f00000 ---p 00000000 00:00 0 
7e6427f00000-7e6427f04000 ---p 00000000 00:00 0 
7e6427f04000-7e6428000000 rw-p 00000000 00:00 0 
7e6428000000-7e642943a000 r-xp 00000000 00:32 785124819                  /usr/lib/runtime/lib/server/libjvm.so
7e642943a000-7e642950f000 r--p 01439000 00:32 785124819                  /usr/lib/runtime/lib/server/libjvm.so
7e642950f000-7e642953f000 rw-p 0150e000 00:32 785124819                  /usr/lib/runtime/lib/server/libjvm.so
7e642953f000-7e64295a5000 rw-p 00000000 00:00 0 
7e64295a5000-7e64295a6000 r--s 00000000 fc:01 6559257                    /var/cache/fontconfig/0d83b4deeaa12e01cf49a0e4a38256fa-le64.cache-9
7e64295a6000-7e64295a7000 r--s 00000000 fc:01 6556967                    /var/cache/fontconfig/3f7329c5293ffd510edef78f73874cfd-le64.cache-9
7e64295a7000-7e64295a8000 r--p 00000000 fc:01 8945318                    /usr/lib/x86_64-linux-gnu/libXinerama.so.1.0.0
7e64295a8000-7e64295a9000 r-xp 00001000 fc:01 8945318                    /usr/lib/x86_64-linux-gnu/libXinerama.so.1.0.0
7e64295a9000-7e64295aa000 r--p 00002000 fc:01 8945318                    /usr/lib/x86_64-linux-gnu/libXinerama.so.1.0.0
7e64295aa000-7e64295ab000 r--p 00002000 fc:01 8945318                    /usr/lib/x86_64-linux-gnu/libXinerama.so.1.0.0
7e64295ab000-7e64295ac000 rw-p 00003000 fc:01 8945318                    /usr/lib/x86_64-linux-gnu/libXinerama.so.1.0.0
7e64295ac000-7e64295ae000 r--p 00000000 00:32 244388983                  /usr/lib/libbz2.so.1.0
7e64295ae000-7e64295bb000 r-xp 00002000 00:32 244388983                  /usr/lib/libbz2.so.1.0
7e64295bb000-7e64295bd000 r--p 0000f000 00:32 244388983                  /usr/lib/libbz2.so.1.0
7e64295bd000-7e64295be000 r--p 00010000 00:32 244388983                  /usr/lib/libbz2.so.1.0
7e64295be000-7e64295bf000 rw-p 00011000 00:32 244388983                  /usr/lib/libbz2.so.1.0
7e64295c2000-7e64295c6000 rw-s 10c9f9000 00:0f 1059                      anon_inode:i915.gem
7e64295c6000-7e64295ca000 rw-s 108801000 00:0f 1059                      anon_inode:i915.gem
7e64295ca000-7e64295da000 rw-s 10a487000 00:0f 1059                      anon_inode:i915.gem
7e64295da000-7e64295de000 rw-s 105213000 00:0f 1059                      anon_inode:i915.gem
7e64295de000-7e64295e2000 rw-s 100daf000 00:0f 1059                      anon_inode:i915.gem
7e64295e2000-7e64295e6000 rw-s 102f9e000 00:0f 1059                      anon_inode:i915.gem
7e64295e6000-7e64295ea000 rw-s 107e83000 00:0f 1059                      anon_inode:i915.gem
7e64295ea000-7e64295fa000 rw-s 107e73000 00:0f 1059                      anon_inode:i915.gem
7e64295fc000-7e64295fd000 rw-s 00000000 00:01 174621                     /memfd:xshmfence (deleted)
7e64295fd000-7e64295fe000 rw-s 00000000 00:01 171512                     /memfd:pipewire-memfd:flags=0x0000000f,type=2,size=4096 (deleted)
7e64295fe000-7e64295ff000 rw-s 102744000 00:0f 1059                      anon_inode:i915.gem
7e64295ff000-7e6429600000 rw-s 10bfeb000 00:0f 1059                      anon_inode:i915.gem
7e6429600000-7e6429628000 r--p 00000000 fc:01 8944564                    /usr/lib/x86_64-linux-gnu/libc.so.6
7e6429628000-7e64297b0000 r-xp 00028000 fc:01 8944564                    /usr/lib/x86_64-linux-gnu/libc.so.6
7e64297b0000-7e64297ff000 r--p 001b0000 fc:01 8944564                    /usr/lib/x86_64-linux-gnu/libc.so.6
7e64297ff000-7e6429803000 r--p 001fe000 fc:01 8944564                    /usr/lib/x86_64-linux-gnu/libc.so.6
7e6429803000-7e6429805000 rw-p 00202000 fc:01 8944564                    /usr/lib/x86_64-linux-gnu/libc.so.6
7e6429805000-7e6429812000 rw-p 00000000 00:00 0 
7e6429812000-7e6429814000 r--p 00000000 fc:01 8945336                    /usr/lib/x86_64-linux-gnu/libXtst.so.6.1.0
7e6429814000-7e6429817000 r-xp 00002000 fc:01 8945336                    /usr/lib/x86_64-linux-gnu/libXtst.so.6.1.0
7e6429817000-7e6429818000 r--p 00005000 fc:01 8945336                    /usr/lib/x86_64-linux-gnu/libXtst.so.6.1.0
7e6429818000-7e6429819000 r--p 00005000 fc:01 8945336                    /usr/lib/x86_64-linux-gnu/libXtst.so.6.1.0
7e6429819000-7e642981a000 rw-p 00006000 fc:01 8945336                    /usr/lib/x86_64-linux-gnu/libXtst.so.6.1.0
7e642981a000-7e642981c000 r--p 00000000 00:32 244387367                  /usr/lib/libXdmcp.so.6
7e642981c000-7e642981e000 r-xp 00002000 00:32 244387367                  /usr/lib/libXdmcp.so.6
7e642981e000-7e6429820000 r--p 00004000 00:32 244387367                  /usr/lib/libXdmcp.so.6
7e6429820000-7e6429821000 r--p 00005000 00:32 244387367                  /usr/lib/libXdmcp.so.6
7e6429821000-7e6429822000 rw-p 00006000 00:32 244387367                  /usr/lib/libXdmcp.so.6
7e6429822000-7e6429823000 r--p 00000000 00:32 244387335                  /usr/lib/libXau.so.6
7e6429823000-7e6429825000 r-xp 00001000 00:32 244387335                  /usr/lib/libXau.so.6
7e6429825000-7e6429826000 r--p 00003000 00:32 244387335                  /usr/lib/libXau.so.6
7e6429826000-7e6429827000 r--p 00003000 00:32 244387335                  /usr/lib/libXau.so.6
7e6429827000-7e6429828000 rw-p 00004000 00:32 244387335                  /usr/lib/libXau.so.6
7e6429828000-7e6429834000 r-xp 00000000 00:32 785122515                  /usr/lib/runtime/lib/libnet.so
7e6429834000-7e6429835000 r--p 0000b000 00:32 785122515                  /usr/lib/runtime/lib/libnet.so
7e6429835000-7e6429836000 rw-p 0000c000 00:32 785122515                  /usr/lib/runtime/lib/libnet.so
7e6429836000-7e642984a000 r-xp 00000000 00:32 785122547                  /usr/lib/runtime/lib/libnio.so
7e642984a000-7e642984b000 r--p 00013000 00:32 785122547                  /usr/lib/runtime/lib/libnio.so
7e642984b000-7e642984c000 rw-p 00014000 00:32 785122547                  /usr/lib/runtime/lib/libnio.so
7e642984c000-7e642988b000 rw-p 00000000 00:00 0 
7e642988b000-7e64298ac000 r-xp 00000000 00:32 785122163                  /usr/lib/runtime/lib/libjava.so
7e64298ac000-7e64298ad000 r--p 00020000 00:32 785122163                  /usr/lib/runtime/lib/libjava.so
7e64298ad000-7e64298ae000 rw-p 00021000 00:32 785122163                  /usr/lib/runtime/lib/libjava.so
7e64298ae000-7e64298af000 rw-p 00000000 00:00 0 
7e64298af000-7e64298ca000 r-xp 00000000 00:32 785122275                  /usr/lib/runtime/lib/libjimage.so
7e64298ca000-7e64298cb000 ---p 0001b000 00:32 785122275                  /usr/lib/runtime/lib/libjimage.so
7e64298cb000-7e64298cd000 r--p 0001b000 00:32 785122275                  /usr/lib/runtime/lib/libjimage.so
7e64298cd000-7e64298ce000 rw-p 0001d000 00:32 785122275                  /usr/lib/runtime/lib/libjimage.so
7e64298ce000-7e64298de000 r--p 00000000 fc:01 8944567                    /usr/lib/x86_64-linux-gnu/libm.so.6
7e64298de000-7e642995d000 r-xp 00010000 fc:01 8944567                    /usr/lib/x86_64-linux-gnu/libm.so.6
7e642995d000-7e64299b5000 r--p 0008f000 fc:01 8944567                    /usr/lib/x86_64-linux-gnu/libm.so.6
7e64299b5000-7e64299b6000 r--p 000e7000 fc:01 8944567                    /usr/lib/x86_64-linux-gnu/libm.so.6
7e64299b6000-7e64299b7000 rw-p 000e8000 fc:01 8944567                    /usr/lib/x86_64-linux-gnu/libm.so.6
7e64299b7000-7e64299b8000 r--p 00000000 fc:01 8944578                    /usr/lib/x86_64-linux-gnu/librt.so.1
7e64299b8000-7e64299b9000 r-xp 00001000 fc:01 8944578                    /usr/lib/x86_64-linux-gnu/librt.so.1
7e64299b9000-7e64299ba000 r--p 00002000 fc:01 8944578                    /usr/lib/x86_64-linux-gnu/librt.so.1
7e64299ba000-7e64299bb000 r--p 00002000 fc:01 8944578                    /usr/lib/x86_64-linux-gnu/librt.so.1
7e64299bb000-7e64299bc000 rw-p 00003000 fc:01 8944578                    /usr/lib/x86_64-linux-gnu/librt.so.1
7e64299bc000-7e64299bd000 r--p 00000000 fc:01 8944576                    /usr/lib/x86_64-linux-gnu/libpthread.so.0
7e64299bd000-7e64299be000 r-xp 00001000 fc:01 8944576                    /usr/lib/x86_64-linux-gnu/libpthread.so.0
7e64299be000-7e64299bf000 r--p 00002000 fc:01 8944576                    /usr/lib/x86_64-linux-gnu/libpthread.so.0
7e64299bf000-7e64299c0000 r--p 00002000 fc:01 8944576                    /usr/lib/x86_64-linux-gnu/libpthread.so.0
7e64299c0000-7e64299c1000 rw-p 00003000 fc:01 8944576                    /usr/lib/x86_64-linux-gnu/libpthread.so.0
7e64299c1000-7e64299c5000 r--s 00000000 fc:01 6558029                    /var/cache/fontconfig/246184dc75a16901ca37d96895904249-le64.cache-9
7e64299c5000-7e64299ce000 rw-p 00000000 00:00 0 
7e64299ce000-7e64299d1000 ---p 00000000 00:00 0 
7e64299d1000-7e64299d9000 rw-s 00000000 00:24 15381                      /tmp/hsperfdata_benld/191173 (deleted)
7e64299d9000-7e64299da000 ---p 00000000 00:00 0 
7e64299da000-7e64299db000 r--p 00000000 00:00 0 
7e64299db000-7e64299dc000 ---p 00000000 00:00 0 
7e64299dc000-7e64299df000 rw-p 00000000 00:00 0 
7e64299df000-7e64299e0000 r--p 00000000 fc:01 8944566                    /usr/lib/x86_64-linux-gnu/libdl.so.2
7e64299e0000-7e64299e1000 r-xp 00001000 fc:01 8944566                    /usr/lib/x86_64-linux-gnu/libdl.so.2
7e64299e1000-7e64299e2000 r--p 00002000 fc:01 8944566                    /usr/lib/x86_64-linux-gnu/libdl.so.2
7e64299e2000-7e64299e3000 r--p 00002000 fc:01 8944566                    /usr/lib/x86_64-linux-gnu/libdl.so.2
7e64299e3000-7e64299e4000 rw-p 00003000 fc:01 8944566                    /usr/lib/x86_64-linux-gnu/libdl.so.2
7e64299e4000-7e64299fd000 r-xp 00000000 00:32 785122315                  /usr/lib/runtime/lib/libjli.so
7e64299fd000-7e64299fe000 r--p 00018000 00:32 785122315                  /usr/lib/runtime/lib/libjli.so
7e64299fe000-7e64299ff000 rw-p 00019000 00:32 785122315                  /usr/lib/runtime/lib/libjli.so
7e64299ff000-7e6429a01000 rw-p 00000000 00:00 0 
7e6429a01000-7e6429a02000 r--p 00000000 fc:01 8944561                    /usr/lib/x86_64-linux-gnu/ld-linux-x86-64.so.2
7e6429a02000-7e6429a2d000 r-xp 00001000 fc:01 8944561                    /usr/lib/x86_64-linux-gnu/ld-linux-x86-64.so.2
7e6429a2d000-7e6429a37000 r--p 0002c000 fc:01 8944561                    /usr/lib/x86_64-linux-gnu/ld-linux-x86-64.so.2
7e6429a37000-7e6429a39000 r--p 00036000 fc:01 8944561                    /usr/lib/x86_64-linux-gnu/ld-linux-x86-64.so.2
7e6429a39000-7e6429a3b000 rw-p 00038000 fc:01 8944561                    /usr/lib/x86_64-linux-gnu/ld-linux-x86-64.so.2
7ffef2a61000-7ffef2a83000 rw-p 00000000 00:00 0                          [stack]
7ffef2b02000-7ffef2b06000 r--p 00000000 00:00 0                          [vvar]
7ffef2b06000-7ffef2b08000 r-xp 00000000 00:00 0                          [vdso]
ffffffffff600000-ffffffffff601000 --xp 00000000 00:00 0                  [vsyscall]
Total number of mappings: 2119

JVMTI agents: none


VM Arguments:
jvm_args: -Djpackage.app-version=0.3.7 -Dcompose.application.resources.dir=/tmp/.mount_Nuvio-GbenmL/usr/lib/app/resources -Dcompose.application.configure.swing.globals=true --add-opens=java.base/sun.misc=ALL-UNNAMED -Dskiko.library.path=/tmp/.mount_Nuvio-GbenmL/usr/lib/app -Djpackage.app-path=/tmp/.mount_Nuvio-GbenmL/usr/bin/nuvio 
java_command: com.nuvio.app.MainKt
java_class_path (initial): /tmp/.mount_Nuvio-GbenmL/usr/lib/app/composeApp-jvm-c28a28d4642f897621efd7ac0a4408d.jar:/tmp/.mount_Nuvio-GbenmL/usr/lib/app/alpn-api-1.1.3.v20160715-18383950cc83169b8ed61c3fd926ec.jar:/tmp/.mount_Nuvio-GbenmL/usr/lib/app/animation-core-desktop-1.11.1-3ec8687bba1c875f4630e7c99d49defc.jar:/tmp/.mount_Nuvio-GbenmL/usr/lib/app/animation-desktop-1.11.1-3b1636eba8fac16d053e567d9b91df8.jar:/tmp/.mount_Nuvio-GbenmL/usr/lib/app/annotation-jvm-1.9.1-1d6a04b3b9847638d0529df8ef76a.jar:/tmp/.mount_Nuvio-GbenmL/usr/lib/app/annotations-23.0.0-8484cd17d040d837983323f760b2c660.jar:/tmp/.mount_Nuvio-GbenmL/usr/lib/app/atomicfu-jvm-0.32.1-3e957547b1ebb1aed07b9ac96a79ba58.jar:/tmp/.mount_Nuvio-GbenmL/usr/lib/app/auth-kt-jvm-3.4.1-20bacb409fd0b8ce146b2ca548a89b.jar:/tmp/.mount_Nuvio-GbenmL/usr/lib/app/charset-jvm-0.0.8-ab1cc0e5b475702f69679eda02df0a3.jar:/tmp/.mount_Nuvio-GbenmL/usr/lib/app/coil-compose-core-jvm-3.5.0-beta01-ea7dd1099681d75783de0532969ef1c.jar:/tmp/.mount_Nuvio-GbenmL/usr/lib/app/coil-compose-jvm-3.5.0-beta01-b067ea2ccb1148f76e8bf7e8c53e2c75.jar:/tmp/.mount_Nuvio-GbenmL/usr/lib/app/coil-core-jvm-3.5.0-beta01-b197362d96321045cfc5f07c9d693515.jar:/tmp/.mount_Nuvio-GbenmL/usr/lib/app/coil-jvm-3.5.0-beta01-f5f39e2c8016e25cd7eda41c8193c86.jar:/tmp/.mount_Nuvio-GbenmL/usr/lib/app/coil-network-core-jvm-3.5.0-beta01-2a38f625fff38addd3bfbeef815f9510.jar:/tmp/.mount_Nuvio-GbenmL/usr/lib/app/coil-network-ktor3-jvm-3.5.0-beta01-1093eef577c9b8bf5728dd8b60adcaeb.jar:/tmp/.mount_Nuvio-GbenmL/usr/lib/app/coil-svg-jvm-3.5.0-beta01-eec3ac6ff0deb8569f21fdd8afaaf3.jar:/tmp/.mount_Nuvio-GbenmL/usr/lib/app/collection-jvm-1.5.0-4421442c114a4f8c8fe587cf2d668237.jar:/tmp/.mount_Nuvio-GbenmL/usr/lib/app/config-1.4.5-8d45cceb010d1943f6aaf81e410fa.jar:/tmp/.mount_Nuvio-GbenmL/usr/lib/app/core-common-2.2.0-2212d240dfe1e8a7598ee117ccc316d.jar:/tmp/.mount_Nuvio-GbenmL/usr/lib/app/cryptography-bigint-jvm-0.5.0-eef2821612e2b3bb2254ccd2bda275ff.jar:/tmp/.mount_Nuvio-GbenmL/usr/lib/app/cryptography-core-jvm-0.5.0-37b4f838f8c225f88e6a4228f18a7899.jar:/tmp/.mount_Nuvio-GbenmL/usr/lib/app/cryptography-provider-base-jvm-0.5.0-a8eb5db51a855e3f2b69321b43d97056.jar:/tmp/.mount_Nuvio-GbenmL/usr/lib/app/cryptography-provider-jdk-jvm-0.5.0-49fadca3fba928c2a8c8e7138d6ca44.jar:/tmp/.mount_Nuvio-GbenmL/usr/lib/app/cryptography-provider-optimal-jvm-0.5.0-f9e447cc169d6f6166faf84431bbe3.jar:/tmp/.mount_Nuvio-GbenmL/usr/lib/app/cryptography-random-jvm-0.5.0-1e8652642b79d5276d4db5ab96d0b953.jar:/tmp/.mount_Nuvio-GbenmL/usr/lib/app/cryptography-serialization-asn1-jvm-0.5.0-d1293c24e4f8704da4eb163dc6a952fe.jar:/tmp/.mount_Nuvio-GbenmL/usr/lib/app/cryptography-serialization-asn1-modules-jvm-0.5.0-a6361148cb9f7a11b642183b1975b512.jar:/tmp/.mount_Nuvio-GbenmL/usr/lib/app/cryptography-serialization-pem-jvm-0.5.0-8db85ce65b4e19e02bc74e3119ee41.jar:/tmp/.mount_Nuvio-GbenmL/usr/lib/app/dbus-java-core-4.3.1-3be24a18ca8ff5c866cbd451261666a4.jar:/tmp/.mount_Nuvio-GbenmL/usr/lib/app/dbus-java-transport-native-unixsocket-4.3.1-8d2c35114612b0b3a3f72acc53921295.jar:/tmp/.mount_Nuvio-GbenmL/usr/lib/app/desktop-jvm-1.11.1-853ec1ce1542426c233c62225bcd3895.jar:/tmp/.mount_Nuvio-GbenmL/usr/lib/app/foundation-desktop-1.11.1-a4787b8ca37ae91eb45fa9a21e1a4ce.jar:/tmp/.mount_Nuvio-GbenmL/usr/lib/app/foundation-layout-desktop-1.11.1-283d2ac8235541447bbd8d60ab59521.jar:/tmp/.mount_Nuvio-GbenmL/usr/lib/app/functions-kt-jvm-3.4.1-286f0fca15894abda6bfa416d3c6f.jar:/tmp/.mount_Nuvio-GbenmL/usr/lib/app/graphics-shapes-desktop-1.1.0-dee1da92dcd95a52b7faca62f4f942.jar:/tmp/.mount_Nuvio-GbenmL/usr/lib/app/haze-jvm-ce76cb75fcdfbbd88572981877d8dad.jar:/tmp/.mount_Nuvio-GbenmL/usr/lib/app/io-core-jvm-0.0.8-8879cda6fba784c1e5e05f4a107c61b4.jar:/tmp/.mount_Nuvio-GbenmL/usr/lib/app/jansi-2.4.2-353426d67ef75d764333dbeffdfd3c.jar:/tmp/.mount_Nuvio-GbenmL/usr/lib/app/jbr-api-1.9.0-4ae6ce27bcafb233efdbf54395d03.jar:/tmp/.mount_Nuvio-GbenmL/usr/lib/app/jna-jpms-5.12.1-fa5bbb9029b1a97d14e112273447e.jar:/tmp/.mount_Nuvio-GbenmL/usr/lib/app/jna-platform-jpms-5.12.1-21b07a866acf11106918adc6f55888b8.jar:/tmp/.mount_Nuvio-GbenmL/usr/lib/app/jspecify-1.0.0-9133aba420d0ca3b01dbb6ae9992cf6.jar:/tmp/.mount_Nuvio-GbenmL/usr/lib/app/kermit-core-jvm-2.0.8-997f3a2f865e12c29dfbd89588d96b96.jar:/tmp/.mount_Nuvio-GbenmL/usr/lib/app/kermit-jvm-2.0.8-ea82ce943198f65e1cef28ce114bbb.jar:/tmp/.mount_Nuvio-GbenmL/usr/lib/app/kotlin-reflect-2.3.10-cbfd89f741ebf6ecbdeda99703c8e.jar:/tmp/.mount_Nuvio-GbenmL/usr/lib/app/kotlin-stdlib-2.3.21-67d962e3bcffbbb88f84b4d49e47fc56.jar:/tmp/.mount_Nuvio-GbenmL/usr/lib/app/kotlin-stdlib-jdk7-1.9.0-da269e4d8ff4ad661fef2b48449865c7.jar:/tmp/.mount_Nuvio-GbenmL/usr/lib/app/kotlin-stdlib-jdk8-1.9.0-839527b2163b53e249924f77ad207216.jar:/tmp/.mount_Nuvio-GbenmL/usr/lib/app/kotlinx-collections-immutable-jvm-0.4.0-8f33105b4925dda1ce211bcb54ab58.jar:/tmp/.mount_Nuvio-GbenmL/usr/lib/app/kotlinx-coroutines-core-jvm-1.10.2-16bb58d0777fca3b2efde66862478c.jar:/tmp/.mount_Nuvio-GbenmL/usr/lib/app/kotlinx-coroutines-jdk8-1.10.2-273a357e43ba3266dab1ec90d1497.jar:/tmp/.mount_Nuvio-GbenmL/usr/lib/app/kotlinx-coroutines-slf4j-1.10.2-57565c3d51322634cd6250c1e3a12881.jar:/tmp/.mount_Nuvio-GbenmL/usr/lib/app/kotlinx-coroutines-swing-1.10.2-b9cd9ab0c3f429acd698981c43dd6a2f.jar:/tmp/.mount_Nuvio-GbenmL/usr/lib/app/kotlinx-datetime-jvm-0.7.1-70b44e22ebc7eebfa53f7d1941af072.jar:/tmp/.mount_Nuvio-GbenmL/usr/lib/app/kotlinx-io-bytestring-jvm-0.8.2-b6a72a4e88b5b115d31cd7e96d1cc783.jar:/tmp/.mount_Nuvio-GbenmL/usr/lib/app/kotlinx-io-core-jvm-0.8.2-514bc0925c1a81b3ccbe76757bf08ff.jar:/tmp/.mount_Nuvio-GbenmL/usr/lib/app/kotlinx-serialization-core-jvm-1.10.0-b93610e3d8932cfbce118fcfd8ca4f8.jar:/tmp/.mount_Nuvio-GbenmL/usr/lib/app/kotlinx-serialization-json-io-jvm-1.10.0-3f4f66a762c51989648d53b55ff857.jar:/tmp/.mount_Nuvio-GbenmL/usr/lib/app/kotlinx-serialization-json-jvm-1.10.0-b8b416e12973dba7669becbe6a42b89.jar:/tmp/.mount_Nuvio-GbenmL/usr/lib/app/ksoup-jvm-0.2.6-53877c3fdfda24a460be98ee403a5b18.jar:/tmp/.mount_Nuvio-GbenmL/usr/lib/app/ktor-client-content-negotiation-jvm-3.4.0-402958ad418d248f99685f27c3249d4.jar:/tmp/.mount_Nuvio-GbenmL/usr/lib/app/ktor-client-core-jvm-3.4.1-ac8cf0e765258bb87547224acfaca24.jar:/tmp/.mount_Nuvio-GbenmL/usr/lib/app/ktor-client-java-jvm-3.4.1-d386f5ebe2fdbfcb29cd2217111b2afd.jar:/tmp/.mount_Nuvio-GbenmL/usr/lib/app/ktor-client-websockets-jvm-3.4.0-945ceadcdebe4e022edf91ec14171a4.jar:/tmp/.mount_Nuvio-GbenmL/usr/lib/app/ktor-events-jvm-3.4.1-4eea4167ca6ab8b1e37349bbe5f9b84.jar:/tmp/.mount_Nuvio-GbenmL/usr/lib/app/ktor-http-cio-jvm-3.4.1-a0ca9c3e28faea66273f45e0de559bac.jar:/tmp/.mount_Nuvio-GbenmL/usr/lib/app/ktor-http-jvm-3.4.1-d258cb7567f6fcc3faeedd1ca2f199.jar:/tmp/.mount_Nuvio-GbenmL/usr/lib/app/ktor-io-jvm-3.4.1-31c85c8057bef438c1d4848c3ee38bae.jar:/tmp/.mount_Nuvio-GbenmL/usr/lib/app/ktor-network-jvm-3.4.1-1bb79ae496f5738232f77beee73033.jar:/tmp/.mount_Nuvio-GbenmL/usr/lib/app/ktor-serialization-jvm-3.4.1-63483af761b8af2d2f9287a82576b696.jar:/tmp/.mount_Nuvio-GbenmL/usr/lib/app/ktor-serialization-kotlinx-json-jvm-3.4.0-8b8c625e849bb3491f22badac545c76c.jar:/tmp/.mount_Nuvio-GbenmL/usr/lib/app/ktor-serialization-kotlinx-jvm-3.4.0-6758d2dc6e82bacaade77140cebc1d.jar:/tmp/.mount_Nuvio-GbenmL/usr/lib/app/ktor-server-cio-jvm-3.4.0-91b5a0a630877511e5f56a4670541c5e.jar:/tmp/.mount_Nuvio-GbenmL/usr/lib/app/ktor-server-core-jvm-3.4.1-972c5c188bfec41093b2fe815054befd.jar:/tmp/.mount_Nuvio-GbenmL/usr/lib/app/ktor-server-netty-jvm-3.4.1-b4be867c1f6de5797a1c851bc39e09b.jar:/tmp/.mount_Nuvio-GbenmL/usr/lib/app/ktor-sse-jvm-3.4.1-ecf99d2aa1cd4b90b8491c67ccee1b.jar:/tmp/.mount_Nuvio-GbenmL/usr/lib/app/ktor-utils-jvm-3.4.1-ccdeab632137715f77f17bb59169341d.jar:/tmp/.mount_Nuvio-GbenmL/usr/lib/app/ktor-websocket-serialization-jvm-3.4.1-1e5a7282668f956925f269cf92ad2fbe.jar:/tmp/.mount_Nuvio-GbenmL/usr/lib/app/ktor-websockets-jvm-3.4.1-b038329d67fc48bdadf5a77fe548fdb.jar:/tmp/.mount_Nuvio-GbenmL/usr/lib/app/library-desktop-1.11.1-297a54414da4a367efb3223fc064d2bb.jar:/tmp/.mount_Nuvio-GbenmL/usr/lib/app/lifecycle-common-jvm-2.11.0-beta01-a959fe40f2d0f5fec386bea6b823d740.jar:/tmp/.mount_Nuvio-GbenmL/usr/lib/app/lifecycle-runtime-compose-desktop-2.11.0-beta01-de578d01d15f2c99ea8bbd993fd5.jar:/tmp/.mount_Nuvio-GbenmL/usr/lib/app/lifecycle-runtime-compose-desktop-2.11.0-beta01-ffb54211a8c3862a8cd05279f4117790.jar:/tmp/.mount_Nuvio-GbenmL/usr/lib/app/lifecycle-runtime-desktop-2.11.0-beta01-f14af19f336c43981285f2b83ea88f.jar:/tmp/.mount_Nuvio-GbenmL/usr/lib/app/lifecycle-viewmodel-compose-desktop-2.11.0-beta01-8c8b5c8d71759d5b1f927a06b97a278.jar:/tmp/.mount_Nuvio-GbenmL/usr/lib/app/lifecycle-viewmodel-compose-desktop-2.11.0-beta01-a2efd9d8a4363bdc03bb7bdb822e3bb.jar:/tmp/.mount_Nuvio-GbenmL/usr/lib/app/lifecycle-viewmodel-desktop-2.11.0-beta01-6765f67c2afce1a337a3726e1d1139bb.jar:/tmp/.mount_Nuvio-GbenmL/usr/lib/app/lifecycle-viewmodel-savedstate-desktop-2.11.0-beta01-e927c27c498a1960d6d61db71a30338.jar:/tmp/.mount_Nuvio-GbenmL/usr/lib/app/material-desktop-1.11.1-25436e0596588ad39cc6841e571bd6.jar:/tmp/.mount_Nuvio-GbenmL/usr/lib/app/material-icons-core-desktop-1.7.3-23eaca5d2a4caa3e4077a0e9fd549d68.jar:/tmp/.mount_Nuvio-GbenmL/usr/lib/app/material-icons-extended-desktop-1.7.3-848bc0f13628d5b3accc94dd3afdfa27.jar:/tmp/.mount_Nuvio-GbenmL/usr/lib/app/material-ripple-desktop-1.11.1-25262e12df3eab6a74d96e5c5f1e35d4.jar:/tmp/.mount_Nuvio-GbenmL/usr/lib/app/material3-desktop-1.11.0-alpha07-918c713f9d591a34492212a164f5c190.jar:/tmp/.mount_Nuvio-GbenmL/usr/lib/app/multiplatform-settings-coroutines-jvm-1.3.0-e96711e8f8cb1dc5195f6583c636ceae.jar:/tmp/.mount_Nuvio-GbenmL/usr/lib/app/multiplatform-settings-jvm-1.3.0-936d440938a78ec9681a68c29d0d7.jar:/tmp/.mount_Nuvio-GbenmL/usr/lib/app/multiplatform-settings-no-arg-jvm-1.3.0-9ee2fda5bcce350493144760f5175a.jar:/tmp/.mount_Nuvio-GbenmL/usr/lib/app/navigation-common-desktop-2.9.2-1cae4bb4b95dc01be89b94a52ada44.jar:/tmp/.mount_Nuvio-GbenmL/usr/lib/app/navigation-compose-desktop-2.9.2-eed346de20eee57d271369ecd7d75058.jar:/tmp/.mount_Nuvio-GbenmL/usr/lib/app/navigation-runtime-desktop-2.9.2-47af2171d793e6f74b68b45d9e1089.jar:/tmp/.mount_Nuvio-GbenmL/usr/lib/app/navigationevent-desktop-1.0.1-e0291c4f5d6a6b9038dae1d32950806e.jar:/tmp/.mount_Nuvio-GbenmL/usr/lib/app/netty-buffer-4.2.9.Final-1048e4d5be8f7611fa6ef35246beade.jar:/tmp/.mount_Nuvio-GbenmL/usr/lib/app/netty-codec-base-4.2.9.Final-60ae9ed4a5d55aacfc162d928313eb80.jar:/tmp/.mount_Nuvio-GbenmL/usr/lib/app/netty-codec-compression-4.2.9.Final-1914f92d7a99b9058888fe2e3b8b0db.jar:/tmp/.mount_Nuvio-GbenmL/usr/lib/app/netty-codec-http-4.2.9.Final-9ccf5c217847aabc8b6d970fbdf3fb2.jar:/tmp/.mount_Nuvio-GbenmL/usr/lib/app/netty-codec-http2-4.2.9.Final-24b4655c99640d78e6478155eb247ae.jar:/tmp/.mount_Nuvio-GbenmL/usr/lib/app/netty-common-4.2.9.Final-c38923d9b1471cc4bbcfc0645a33853.jar:/tmp/.mount_Nuvio-GbenmL/usr/lib/app/netty-handler-4.2.9.Final-87a893545ec6a65ba3ddd753f8540bf.jar:/tmp/.mount_Nuvio-GbenmL/usr/lib/app/netty-resolver-4.2.9.Final-cf879fd263bdd711ce4ee651e5c25d2.jar:/tmp/.mount_Nuvio-GbenmL/usr/lib/app/netty-transport-4.2.9.Final-a79f296fa1bab036c37fa043db59e1.jar:/tmp/.mount_Nuvio-GbenmL/usr/lib/app/netty-transport-classes-epoll-4.2.9.Final-8a6e16ced0f36e951c1495e9a55becf0.jar:/tmp/.mount_Nuvio-GbenmL/usr/lib/app/netty-transport-classes-kqueue-4.2.9.Final-efc8818d668278507c13d39b5edc9779.jar:/tmp/.mount_Nuvio-GbenmL/usr/lib/app/netty-transport-native-epoll-4.2.9.Final-b5ab28914f3ddb2780a876af313f8.jar:/tmp/.mount_Nuvio-GbenmL/usr/lib/app/netty-transport-native-kqueue-4.2.9.Final-8f42ed52917e49c3079d66a835ea5bf.jar:/tmp/.mount_Nuvio-GbenmL/usr/lib/app/netty-transport-native-unix-common-4.2.9.Final-88c895869ed8ee1110bf473febd452bd.jar:/tmp/.mount_Nuvio-GbenmL/usr/lib/app/okio-jvm-3.17.0-96ad357689fd2841747aec56e94a7162.jar:/tmp/.mount_Nuvio-GbenmL/usr/lib/app/postgrest-kt-jvm-3.4.1-156b89117ca7e15cfa3cda7dae6999a.jar:/tmp/.mount_Nuvio-GbenmL/usr/lib/app/quickjs-jvm-2a180e247f55b695f2fd8667fb43f7.jar:/tmp/.mount_Nuvio-GbenmL/usr/lib/app/realtime-kt-jvm-3.4.1-f59bad102c4a6a94c038d86052c1eee7.jar:/tmp/.mount_Nuvio-GbenmL/usr/lib/app/reorderable-jvm-3.0.0-45801b214362a1b595634fda345f7e.jar:/tmp/.mount_Nuvio-GbenmL/usr/lib/app/runtime-annotation-jvm-1.11.2-6963b878fcc7f76320564cfd61b7e881.jar:/tmp/.mount_Nuvio-GbenmL/usr/lib/app/runtime-desktop-1.11.1-f530f7ee1fb51ca01a95c1bbb0ef3a7d.jar:/tmp/.mount_Nuvio-GbenmL/usr/lib/app/runtime-desktop-1.11.2-b26a4a152b09eaedc9359b8121752f8.jar:/tmp/.mount_Nuvio-GbenmL/usr/lib/app/runtime-retain-desktop-1.11.2-1a6731c44f232c5d9e1fb10edac28de.jar:/tmp/.mount_Nuvio-GbenmL/usr/lib/app/runtime-saveable-desktop-1.11.1-eea89111a01dbed26b76bf2f1fd3.jar:/tmp/.mount_Nuvio-GbenmL/usr/lib/app/runtime-saveable-desktop-1.11.2-80f1ec1d671efb9ee47f426501a6620.jar:/tmp/.mount_Nuvio-GbenmL/usr/lib/app/savedstate-compose-desktop-1.3.6-8de11644e97845eaa45d9e74fdec755.jar:/tmp/.mount_Nuvio-GbenmL/usr/lib/app/savedstate-compose-desktop-1.4.0-84ed9710e312be7017fd7498fe747a.jar:/tmp/.mount_Nuvio-GbenmL/usr/lib/app/savedstate-desktop-1.4.0-e2a50762f9c6de234b04b12926df6b3.jar:/tmp/.mount_Nuvio-GbenmL/usr/lib/app/skiko-awt-0.144.6-6b3e9f225137b9011f3a95ca950455.jar:/tmp/.mount_Nuvio-GbenmL/usr/lib/app/skiko-awt-runtime-linux-x64-0.144.6-54fe9f515a8d141b948a4273455d227.jar:/tmp/.mount_Nuvio-GbenmL/usr/lib/app/slf4j-api-2.0.17-b648d114a23683498ac3f746f959d2f.jar:/tmp/.mount_Nuvio-GbenmL/usr/lib/app/stately-concurrency-jvm-2.1.0-caa3a637b3459827e138cf78b9f31c55.jar:/tmp/.mount_Nuvio-GbenmL/usr/lib/app/stately-strict-jvm-2.1.0-4aa938e33acc448c4ebd7f76848d22.jar:/tmp/.mount_Nuvio-GbenmL/usr/lib/app/storage-kt-jvm-3.4.1-bb119f2859da66d5af9270293d937dc3.jar:/tmp/.mount_Nuvio-GbenmL/usr/lib/app/supabase-kt-jvm-3.4.1-18679a6d47f62c4b5e0f935b961b152.jar:/tmp/.mount_Nuvio-GbenmL/usr/lib/app/ui-backhandler-desktop-1.11.1-628e5847a9bb5f2484c7a1764133b08.jar:/tmp/.mount_Nuvio-GbenmL/usr/lib/app/ui-desktop-1.11.1-8b94f48ebc49294a7a48a96ddd90dab9.jar:/tmp/.mount_Nuvio-GbenmL/usr/lib/app/ui-geometry-desktop-1.11.1-50f2f5ca194395b3639e4e26be66d2ae.jar:/tmp/.mount_Nuvio-GbenmL/usr/lib/app/ui-graphics-desktop-1.11.1-9719c3b28df541492cffa726d5969d.jar:/tmp/.mount_Nuvio-GbenmL/usr/lib/app/ui-text-desktop-1.11.1-c237f6ec36592e968436efc2f2ee3e4d.jar:/tmp/.mount_Nuvio-GbenmL/usr/lib/app/ui-tooling-preview-desktop-1.11.1-b496665b26f319b702eea4c9e514f7d.jar:/tmp/.mount_Nuvio-GbenmL/usr/lib/app/ui-unit-desktop-1.11.1-6974f16892c8d8d3723cb6de69a762de.jar:/tmp/.mount_Nuvio-GbenmL/usr/lib/app/ui-util-desktop-1.11.1-4acc4435b9b1c62da975d3cc6425edd.jar:/tmp/.mount_Nuvio-GbenmL/usr/lib/app/vlcj-4.8.2-1f3110d9e5482ba7922982726787ba3.jar:/tmp/.mount_Nuvio-GbenmL/usr/lib/app/vlcj-natives-4.8.1-38b938d1d84b22a991ded9b9074f6e0.jar
Launcher Type: SUN_STANDARD

[Global flags]
     intx CICompilerCount                          = 4                                         {product} {ergonomic}
     uint ConcGCThreads                            = 3                                         {product} {ergonomic}
     uint G1ConcRefinementThreads                  = 10                                        {product} {ergonomic}
   size_t G1HeapRegionSize                         = 8388608                                   {product} {ergonomic}
    uintx GCDrainStackTargetSize                   = 64                                        {product} {ergonomic}
   size_t InitialHeapSize                          = 1048576000                                {product} {ergonomic}
   size_t MarkStackSize                            = 4194304                                   {product} {ergonomic}
   size_t MaxHeapSize                              = 16777216000                               {product} {ergonomic}
   size_t MaxNewSize                               = 10066329600                               {product} {ergonomic}
   size_t MinHeapDeltaBytes                        = 8388608                                   {product} {ergonomic}
   size_t MinHeapSize                              = 8388608                                   {product} {ergonomic}
    uintx NonNMethodCodeHeapSize                   = 5839372                                {pd product} {ergonomic}
    uintx NonProfiledCodeHeapSize                  = 122909434                              {pd product} {ergonomic}
    uintx ProfiledCodeHeapSize                     = 122909434                              {pd product} {ergonomic}
    uintx ReservedCodeCacheSize                    = 251658240                              {pd product} {ergonomic}
     bool SegmentedCodeCache                       = true                                      {product} {ergonomic}
   size_t SoftMaxHeapSize                          = 16777216000                            {manageable} {ergonomic}
     bool UseCompressedOops                        = true                           {product lp64_product} {ergonomic}
     bool UseG1GC                                  = true                                      {product} {ergonomic}

Logging:
Log output configuration:
 #0: 
[error occurred during error reporting (printing log configuration), id 0xb, SIGSEGV (0xb) at pc=0x00007e6428ba0c7e]
Release file:
JAVA_VERSION="21.0.12.1"
MODULES="java.base java.datatransfer java.xml java.prefs java.desktop java.logging java.security.sasl java.naming java.net.http jdk.crypto.ec jdk.unsupported"

Environment Variables:
PATH=/home/benld/.local/bin:/home/benld/.local/bin:/home/benld/.nvm/versions/node/v20.20.2/bin:/home/benld/.npm-global/bin:/home/benld/.local/bin:/home/benld/.cargo/bin:/home/benld/.local/bin:/home/benld/bin:/usr/local/sbin:/usr/local/bin:/usr/sbin:/usr/bin:/sbin:/bin:/usr/games:/usr/local/games:/snap/bin:/home/benld/Android/Sdk/platform-tools:/home/benld/Android/Sdk/emulator
LD_LIBRARY_PATH=/tmp/.mount_Nuvio-GbenmL/usr/lib/vlc:/tmp/.mount_Nuvio-GbenmL/usr/lib::/tmp/.mount_Nuvio-GbenmL/usr/lib/app
SHELL=/bin/bash
DISPLAY=:0
LANG=en_US.UTF-8
TERM=tmux-256color

Active Locale:
LC_ALL=LC_CTYPE=en_US.UTF-8;LC_NUMERIC=C;LC_TIME=en_US.UTF-8;LC_COLLATE=en_US.UTF-8;LC_MONETARY=en_US.UTF-8;LC_MESSAGES=en_US.UTF-8;LC_PAPER=en_US.UTF-8;LC_NAME=en_US.UTF-8;LC_ADDRESS=en_US.UTF-8;LC_TELEPHONE=en_US.UTF-8;LC_MEASUREMENT=en_US.UTF-8;LC_IDENTIFICATION=en_US.UTF-8
LC_COLLATE=en_US.UTF-8
LC_CTYPE=en_US.UTF-8
LC_MESSAGES=en_US.UTF-8
LC_MONETARY=en_US.UTF-8
LC_NUMERIC=C
LC_TIME=en_US.UTF-8

Signal Handlers:
   SIGSEGV: 0x00007e642902d720 in libjvm.so+16963360, mask=11100100010111111101111111111110, flags=SA_RESTART|SA_SIGINFO, unblocked
    SIGBUS: 0x00007e642902d720 in libjvm.so+16963360, mask=11100100010111111101111111111110, flags=SA_RESTART|SA_SIGINFO, unblocked
    SIGFPE: 0x00007e642902d720 in libjvm.so+16963360, mask=11100100010111111101111111111110, flags=SA_RESTART|SA_SIGINFO, unblocked
   SIGPIPE: 0x00007e6428e93c10 in libjvm.so+15285264, mask=11100100010111111101111111111110, flags=SA_RESTART|SA_SIGINFO, blocked
   SIGXFSZ: 0x00007e6428e93c10 in libjvm.so+15285264, mask=11100100010111111101111111111110, flags=SA_RESTART|SA_SIGINFO, blocked
    SIGILL: 0x00007e642902d720 in libjvm.so+16963360, mask=11100100010111111101111111111110, flags=SA_RESTART|SA_SIGINFO, unblocked
   SIGUSR2: 0x00007e6428e953e0 in libjvm.so+15291360, mask=00000000000000000000000000000000, flags=SA_RESTART|SA_SIGINFO, blocked
    SIGHUP: SIG_IGN, mask=00000000000000000000000000000000, flags=none, blocked
    SIGINT: 0x00007e6428e93170 in libjvm.so+15282544, mask=11100100010111111101111111111110, flags=SA_RESTART|SA_SIGINFO, blocked
   SIGTERM: 0x00007e6428e93170 in libjvm.so+15282544, mask=11100100010111111101111111111110, flags=SA_RESTART|SA_SIGINFO, blocked
   SIGQUIT: 0x00007e6428e93170 in libjvm.so+15282544, mask=11100100010111111101111111111110, flags=SA_RESTART|SA_SIGINFO, blocked
   SIGTRAP: 0x00007e642902d720 in libjvm.so+16963360, mask=11100100010111111101111111111110, flags=SA_RESTART|SA_SIGINFO, unblocked


Periodic native trim disabled

---------------  S Y S T E M  ---------------

OS:
DISTRIB_ID=LinuxMint
DISTRIB_RELEASE=22.3
DISTRIB_CODENAME=zena
DISTRIB_DESCRIPTION="Linux Mint 22.3 Zena"
uname: Linux 6.8.0-138-generic #138-Ubuntu SMP PREEMPT_DYNAMIC Fri Jul 31 22:41:49 UTC 2026 x86_64
OS uptime: 2 days 23:50 hours
libc: glibc 2.39 NPTL 2.39 
rlimit (soft/hard): STACK 8192k/infinity , CORE 0k/infinity , NPROC 255103/255103 , NOFILE 1048576/1048576 , AS infinity/infinity , CPU infinity/infinity , DATA infinity/infinity , FSIZE infinity/infinity , MEMLOCK 8190656k/8190656k
load average: 1.61 1.44 1.24

/proc/meminfo:
MemTotal:       65525276 kB
MemFree:        10054896 kB
MemAvailable:   44073380 kB
Buffers:         3962316 kB
Cached:         28396468 kB
SwapCached:            0 kB
Active:         21442540 kB
Inactive:       26370424 kB
Active(anon):   17837640 kB
Inactive(anon):        0 kB
Active(file):    3604900 kB
Inactive(file): 26370424 kB
Unevictable:     1586340 kB
Mlocked:             808 kB
SwapTotal:       2002940 kB
SwapFree:        2002940 kB
Zswap:                 0 kB
Zswapped:              0 kB
Dirty:               704 kB
Writeback:             4 kB
AnonPages:      17040948 kB
Mapped:          1781136 kB
Shmem:           2383096 kB
KReclaimable:    4773420 kB
Slab:            5583496 kB
SReclaimable:    4773420 kB
SUnreclaim:       810076 kB
KernelStack:       29792 kB
PageTables:       110300 kB
SecPageTables:         0 kB
NFS_Unstable:          0 kB
Bounce:                0 kB
WritebackTmp:          0 kB
CommitLimit:    34765576 kB
Committed_AS:   38389112 kB
VmallocTotal:   34359738367 kB
VmallocUsed:       73044 kB
VmallocChunk:          0 kB
Percpu:            16560 kB
HardwareCorrupted:     0 kB
AnonHugePages:         0 kB
ShmemHugePages:  1482752 kB
ShmemPmdMapped:        0 kB
FileHugePages:         0 kB
FilePmdMapped:         0 kB
Unaccepted:            0 kB
HugePages_Total:       0
HugePages_Free:        0
HugePages_Rsvd:        0
HugePages_Surp:        0
Hugepagesize:       2048 kB
Hugetlb:               0 kB
DirectMap4k:      304252 kB
DirectMap2M:    11956224 kB
DirectMap1G:    55574528 kB

/sys/kernel/mm/transparent_hugepage/enabled: always [madvise] never
/sys/kernel/mm/transparent_hugepage/hpage_pmd_size: 2097152
/sys/kernel/mm/transparent_hugepage/defrag (defrag/compaction efforts parameter): always defer defer+madvise [madvise] never

Process Memory:
Virtual Size: 25763404K (peak: 26102104K)
Resident Set Size: 1636248K (peak: 1659236K) (anon: 1487416K, file: 147884K, shmem: 948K)
Swapped out: 0K
C-Heap outstanding allocations: 482298K, retained: 522809K
glibc malloc tunables: (default)

/proc/sys/kernel/threads-max (system-wide limit on the number of threads): 510207
/proc/sys/vm/max_map_count (maximum number of memory map areas a process may have): 1048576
/proc/sys/vm/swappiness (control to define how aggressively the kernel swaps out anonymous memory): 10
/proc/sys/kernel/pid_max (system-wide limit on number of process identifiers): 4194304

container information not found.
Steal ticks since vm start: 0
Steal ticks percentage since vm start:  0.000

CPU: total 12 (initial active 12) (12 cores per cpu, 1 threads per core) family 6 model 154 stepping 4 microcode 0x43b, cx8, cmov, fxsr, mmx, 3dnowpref, sse, sse2, sse3, ssse3, sse4.1, sse4.2, popcnt, lzcnt, tsc, tscinvbit, avx, avx2, aes, erms, clmul, bmi1, bmi2, adx, sha, fma, vzeroupper, clflush, clflushopt, clwb, serialize, rdtscp, rdpid, fsrm, f16c, pku, ospke, cet_ibt, cet_ss
CPU Model and flags from /proc/cpuinfo:
model name	: 12th Gen Intel(R) Core(TM) i7-1255U
flags		: fpu vme de pse tsc msr pae mce cx8 apic sep mtrr pge mca cmov pat pse36 clflush dts acpi mmx fxsr sse sse2 ss ht tm pbe syscall nx pdpe1gb rdtscp lm constant_tsc art arch_perfmon pebs bts rep_good nopl xtopology nonstop_tsc cpuid aperfmperf tsc_known_freq pni pclmulqdq dtes64 monitor ds_cpl vmx smx est tm2 ssse3 sdbg fma cx16 xtpr pdcm pcid sse4_1 sse4_2 x2apic movbe popcnt tsc_deadline_timer aes xsave avx f16c rdrand lahf_lm abm 3dnowprefetch cpuid_fault epb ssbd ibrs ibpb stibp ibrs_enhanced tpr_shadow flexpriority ept vpid ept_ad fsgsbase tsc_adjust bmi1 avx2 smep bmi2 erms invpcid rdseed adx smap clflushopt clwb intel_pt sha_ni xsaveopt xsavec xgetbv1 xsaves split_lock_detect user_shstk avx_vnni dtherm ida arat pln pts hwp hwp_notify hwp_act_window hwp_epp hwp_pkg_req hfi vnmi umip pku ospke waitpkg gfni vaes vpclmulqdq rdpid movdiri movdir64b fsrm md_clear serialize arch_lbr ibt flush_l1d arch_capabilities ibpb_exit_to_user

Online cpus: 0-11
Offline cpus: 
BIOS frequency limitation: <Not Available>
Frequency switch latency (ns): 0
Available cpu frequencies: <Not Available>
Current governor: powersave
Core performance/turbo boost: <Not Available>

Memory: 4k page, physical 65525276k(44073380k free), swap 2002940k(2002940k free)
Page Sizes: 4k

vm_info: OpenJDK 64-Bit Server VM (21.0.12.1+1-LTS) for linux-amd64 JRE (21.0.12.1+1-LTS), built on 2026-08-18T00:00:00Z by "admin" with gcc 11.3.0

END.
